,Open,High,Low,Close,Volume
2025-10-08 16:00:00+00:00,57.36000061035156,57.369998931884766,57.30500030517578,57.30500030517578,0
2025-10-08 16:01:00+00:00,57.314998626708984,57.314998626708984,57.25699996948242,57.289798736572266,12109
2025-10-08 16:02:00+00:00,57.290000915527344,57.29999923706055,57.28499984741211,57.29999923706055,5024
2025-10-08 16:03:00+00:00,57.310001373291016,57.310001373291016,57.290000915527344,57.290000915527344,7263
2025-10-08 16:04:00+00:00,57.28499984741211,57.29999923706055,57.260101318359375,57.290000915527344,14305
2025-10-08 16:05:00+00:00,57.296199798583984,57.310001373291016,57.28419876098633,57.310001373291016,8286
2025-10-08 16:06:00+00:00,57.30070114135742,57.334999084472656,57.29999923706055,57.32500076293945,10655
2025-10-08 16:07:00+00:00,57.33000183105469,57.33000183105469,57.314998626708984,57.314998626708984,4094
2025-10-08 16:08:00+00:00,57.31999969482422,57.31999969482422,57.279998779296875,57.290000915527344,8180
2025-10-08 16:09:00+00:00,57.290000915527344,57.30849838256836,57.290000915527344,57.30500030517578,5941
2025-10-08 16:10:00+00:00,57.310001373291016,57.36000061035156,57.310001373291016,57.36000061035156,13334
2025-10-08 16:11:00+00:00,57.369998931884766,57.3849983215332,57.33000183105469,57.33110046386719,13193
2025-10-08 16:12:00+00:00,57.33000183105469,57.349998474121094,57.32500076293945,57.345001220703125,4943
2025-10-08 16:13:00+00:00,57.34000015258789,57.36000061035156,57.33000183105469,57.36000061035156,5418
2025-10-08 16:14:00+00:00,57.36000061035156,57.439998626708984,57.36000061035156,57.410099029541016,9036
2025-10-08 16:15:00+00:00,57.43000030517578,57.435001373291016,57.369998931884766,57.369998931884766,13600
2025-10-08 16:16:00+00:00,57.369998931884766,57.37990188598633,57.349998474121094,57.353599548339844,16684
2025-10-08 16:17:00+00:00,57.36000061035156,57.375099182128906,57.34000015258789,57.375099182128906,7210
2025-10-08 16:18:00+00:00,57.375,57.400001525878906,57.369998931884766,57.380001068115234,8116
2025-10-08 16:19:00+00:00,57.380001068115234,57.39500045776367,57.369998931884766,57.38999938964844,13500
2025-10-08 16:20:00+00:00,57.3843994140625,57.45000076293945,57.3843994140625,57.43000030517578,8818
2025-10-08 16:21:00+00:00,57.43000030517578,57.470001220703125,57.42499923706055,57.459999084472656,14307
2025-10-08 16:22:00+00:00,57.45000076293945,57.46500015258789,57.435001373291016,57.45000076293945,9331
2025-10-08 16:23:00+00:00,57.439998626708984,57.439998626708984,57.41999816894531,57.43000030517578,6740
2025-10-08 16:24:00+00:00,57.43000030517578,57.439998626708984,57.415000915527344,57.415000915527344,6895
2025-10-08 16:25:00+00:00,57.40999984741211,57.41999816894531,57.380001068115234,57.38999938964844,13908
2025-10-08 16:26:00+00:00,57.38999938964844,57.40999984741211,57.349998474121094,57.3849983215332,11974
2025-10-08 16:27:00+00:00,57.38999938964844,57.38999938964844,57.349998474121094,57.369998931884766,7122
2025-10-08 16:28:00+00:00,57.37590026855469,57.404998779296875,57.369998931884766,57.382999420166016,20021
2025-10-08 16:29:00+00:00,57.38249969482422,57.38999938964844,57.369998931884766,57.3849983215332,5739
2025-10-08 16:30:00+00:00,57.38999938964844,57.415000915527344,57.380001068115234,57.380001068115234,8968
2025-10-08 16:31:00+00:00,57.3849983215332,57.3849983215332,57.34000015258789,57.36000061035156,22412
2025-10-08 16:32:00+00:00,57.3650016784668,57.375,57.29999923706055,57.310001373291016,84939
2025-10-08 16:33:00+00:00,57.3125,57.334999084472656,57.30500030517578,57.32500076293945,5709
2025-10-08 16:34:00+00:00,57.33000183105469,57.39500045776367,57.33000183105469,57.39500045776367,9247
2025-10-08 16:35:00+00:00,57.400001525878906,57.400001525878906,57.33000183105469,57.349998474121094,16120
2025-10-08 16:36:00+00:00,57.345001220703125,57.380001068115234,57.345001220703125,57.3650016784668,5509
2025-10-08 16:37:00+00:00,57.369998931884766,57.439998626708984,57.369998931884766,57.439998626708984,10534
2025-10-08 16:38:00+00:00,57.439998626708984,57.439998626708984,57.369998931884766,57.375,12411
2025-10-08 16:39:00+00:00,57.36000061035156,57.3849983215332,57.349998474121094,57.37699890136719,18325
2025-10-08 16:40:00+00:00,57.380001068115234,57.38999938964844,57.35499954223633,57.3849983215332,12779
2025-10-08 16:41:00+00:00,57.38999938964844,57.41999816894531,57.369998931884766,57.3849983215332,6734
2025-10-08 16:42:00+00:00,57.380001068115234,57.43000030517578,57.380001068115234,57.40999984741211,12309
2025-10-08 16:43:00+00:00,57.40999984741211,57.41999816894531,57.400001525878906,57.400001525878906,8119
2025-10-08 16:44:00+00:00,57.400001525878906,57.45000076293945,57.38999938964844,57.415000915527344,88211
2025-10-08 16:45:00+00:00,57.415000915527344,57.415000915527344,57.29999923706055,57.31999969482422,22282
2025-10-08 16:46:00+00:00,57.31999969482422,57.31999969482422,57.29999923706055,57.304500579833984,11582
2025-10-08 16:47:00+00:00,57.30500030517578,57.349998474121094,57.30500030517578,57.33000183105469,27183
2025-10-08 16:48:00+00:00,57.33000183105469,57.349998474121094,57.33000183105469,57.34619903564453,10230
2025-10-08 16:49:00+00:00,57.349998474121094,57.38999938964844,57.349998474121094,57.38999938964844,12599
2025-10-08 16:50:00+00:00,57.38999938964844,57.400001525878906,57.36000061035156,57.36000061035156,9120
2025-10-08 16:51:00+00:00,57.36000061035156,57.39500045776367,57.36000061035156,57.39500045776367,8594
2025-10-08 16:52:00+00:00,57.39500045776367,57.39799880981445,57.36000061035156,57.369998931884766,13515
2025-10-08 16:53:00+00:00,57.36989974975586,57.369998931884766,57.34000015258789,57.34000015258789,12314
2025-10-08 16:54:00+00:00,57.34000015258789,57.349998474121094,57.32500076293945,57.349998474121094,20623
2025-10-08 16:55:00+00:00,57.34000015258789,57.375,57.334999084472656,57.375,11481
2025-10-08 16:56:00+00:00,57.369998931884766,57.38999938964844,57.34000015258789,57.35499954223633,15991
2025-10-08 16:57:00+00:00,57.36000061035156,57.380001068115234,57.36000061035156,57.375,9210
2025-10-08 16:58:00+00:00,57.369998931884766,57.375,57.34000015258789,57.34000015258789,7542
2025-10-08 16:59:00+00:00,57.344398498535156,57.42499923706055,57.344398498535156,57.41999816894531,48311
2025-10-08 17:00:00+00:00,57.41999816894531,57.42499923706055,57.388999938964844,57.400001525878906,18777
2025-10-08 17:01:00+00:00,57.40999984741211,57.43000030517578,57.40999984741211,57.43000030517578,13028
2025-10-08 17:02:00+00:00,57.43000030517578,57.459999084472656,57.42250061035156,57.459999084472656,10577
2025-10-08 17:03:00+00:00,57.459999084472656,57.47999954223633,57.45000076293945,57.474998474121094,7103
2025-10-08 17:04:00+00:00,57.4744987487793,57.5,57.4744987487793,57.495601654052734,10428
2025-10-08 17:05:00+00:00,57.494998931884766,57.5,57.45000076293945,57.470001220703125,19061
2025-10-08 17:06:00+00:00,57.5,57.525001525878906,57.47999954223633,57.52000045776367,25478
2025-10-08 17:07:00+00:00,57.510101318359375,57.525001525878906,57.5099983215332,57.525001525878906,7091
2025-10-08 17:08:00+00:00,57.529998779296875,57.529998779296875,57.494998931884766,57.494998931884766,8061
2025-10-08 17:09:00+00:00,57.5,57.5,57.45000076293945,57.4900016784668,21734
2025-10-08 17:10:00+00:00,57.47999954223633,57.54999923706055,57.47999954223633,57.54999923706055,8955
2025-10-08 17:11:00+00:00,57.54999923706055,57.54999923706055,57.459999084472656,57.470001220703125,38970
2025-10-08 17:12:00+00:00,57.47999954223633,57.4900016784668,57.45000076293945,57.470001220703125,11559
2025-10-08 17:13:00+00:00,57.474998474121094,57.47999954223633,57.45000076293945,57.459999084472656,12995
2025-10-08 17:14:00+00:00,57.47999954223633,57.505001068115234,57.47999954223633,57.5,8306
2025-10-08 17:15:00+00:00,57.5,57.52000045776367,57.480098724365234,57.4900016784668,8667
2025-10-08 17:16:00+00:00,57.4900016784668,57.5,57.470001220703125,57.47480010986328,15327
2025-10-08 17:17:00+00:00,57.47999954223633,57.54499816894531,57.47999954223633,57.53499984741211,11684
2025-10-08 17:18:00+00:00,57.53499984741211,57.540000915527344,57.52000045776367,57.52450180053711,12257
2025-10-08 17:19:00+00:00,57.52000045776367,57.525001525878906,57.494998931884766,57.51499938964844,17564
2025-10-08 17:20:00+00:00,57.52000045776367,57.52000045776367,57.5,57.5099983215332,11714
2025-10-08 17:21:00+00:00,57.5,57.5,57.45000076293945,57.459999084472656,17246
2025-10-08 17:22:00+00:00,57.459999084472656,57.474998474121094,57.439998626708984,57.470001220703125,12930
2025-10-08 17:23:00+00:00,57.459999084472656,57.459999084472656,57.439998626708984,57.45500183105469,10939
2025-10-08 17:24:00+00:00,57.45500183105469,57.470001220703125,57.435001373291016,57.46580123901367,5298
2025-10-08 17:25:00+00:00,57.47999954223633,57.47999954223633,57.439998626708984,57.439998626708984,9480
2025-10-08 17:26:00+00:00,57.44499969482422,57.45000076293945,57.42499923706055,57.42499923706055,9222
2025-10-08 17:27:00+00:00,57.42499923706055,57.42499923706055,57.400001525878906,57.40999984741211,11620
2025-10-08 17:28:00+00:00,57.40999984741211,57.43989944458008,57.400001525878906,57.43989944458008,16317
2025-10-08 17:29:00+00:00,57.432498931884766,57.45000076293945,57.415000915527344,57.41510009765625,9241
2025-10-08 17:30:00+00:00,57.41510009765625,57.41510009765625,57.34000015258789,57.36000061035156,27686
2025-10-08 17:31:00+00:00,57.36000061035156,57.37160110473633,57.35580062866211,57.35580062866211,8544
2025-10-08 17:32:00+00:00,57.36000061035156,57.3650016784668,57.25,57.25,28615
2025-10-08 17:33:00+00:00,57.25,57.27000045776367,57.13999938964844,57.13999938964844,342205
2025-10-08 17:34:00+00:00,57.1349983215332,57.18000030517578,57.02000045776367,57.15999984741211,52647
2025-10-08 17:35:00+00:00,57.1609992980957,57.2400016784668,57.15999984741211,57.18000030517578,62434
2025-10-08 17:36:00+00:00,57.16999816894531,57.189998626708984,57.130001068115234,57.130001068115234,23861
2025-10-08 17:37:00+00:00,57.130001068115234,57.15999984741211,57.119998931884766,57.130001068115234,19709
2025-10-08 17:38:00+00:00,57.130001068115234,57.130001068115234,57.09000015258789,57.119998931884766,8808
2025-10-08 17:39:00+00:00,57.13999938964844,57.150001525878906,57.119998931884766,57.13999938964844,7988
2025-10-08 17:40:00+00:00,57.130001068115234,57.130001068115234,57.060001373291016,57.060001373291016,13518
2025-10-08 17:41:00+00:00,57.04999923706055,57.060001373291016,57.02000045776367,57.040000915527344,17349
2025-10-08 17:42:00+00:00,57.029998779296875,57.040000915527344,57.01409912109375,57.040000915527344,8033
2025-10-08 17:43:00+00:00,57.02000045776367,57.03499984741211,56.97999954223633,56.97999954223633,72613
2025-10-08 17:44:00+00:00,56.970001220703125,57.01499938964844,56.970001220703125,57.0099983215332,15519
2025-10-08 17:45:00+00:00,57.02000045776367,57.03990173339844,57.0,57.02000045776367,13568
2025-10-08 17:46:00+00:00,57.025001525878906,57.05870056152344,57.0,57.05870056152344,21146
2025-10-08 17:47:00+00:00,57.0525016784668,57.07500076293945,57.02000045776367,57.02000045776367,14794
2025-10-08 17:48:00+00:00,57.02000045776367,57.040000915527344,56.99689865112305,57.040000915527344,11959
2025-10-08 17:49:00+00:00,57.029998779296875,57.05099868774414,57.0,57.029998779296875,20684
2025-10-08 17:50:00+00:00,57.029998779296875,57.03499984741211,57.0099983215332,57.02750015258789,7194
2025-10-08 17:51:00+00:00,57.029998779296875,57.029998779296875,56.99129867553711,57.029998779296875,18772
2025-10-08 17:52:00+00:00,57.029998779296875,57.040000915527344,56.959999084472656,56.959999084472656,25545
2025-10-08 17:53:00+00:00,56.95000076293945,56.95500183105469,56.91999816894531,56.93000030517578,41059
2025-10-08 17:54:00+00:00,56.93000030517578,57.01499938964844,56.93000030517578,57.0099983215332,30428
2025-10-08 17:55:00+00:00,57.0099983215332,57.08000183105469,57.005001068115234,57.02000045776367,34498
2025-10-08 17:56:00+00:00,57.02000045776367,57.025001525878906,57.005001068115234,57.02000045776367,12162
2025-10-08 17:57:00+00:00,57.0099983215332,57.040000915527344,57.0099983215332,57.040000915527344,9830
2025-10-08 17:58:00+00:00,57.040000915527344,57.05500030517578,57.0,57.05500030517578,15889
2025-10-08 17:59:00+00:00,57.04999923706055,57.089900970458984,57.02000045776367,57.089900970458984,23027
2025-10-08 18:00:00+00:00,57.060001373291016,57.06999969482422,57.035099029541016,57.040000915527344,10182
2025-10-08 18:01:00+00:00,57.060001373291016,57.06999969482422,57.04999923706055,57.060001373291016,13576
2025-10-08 18:02:00+00:00,57.060001373291016,57.060001373291016,56.959999084472656,56.959999084472656,17358
2025-10-08 18:03:00+00:00,56.95000076293945,56.95000076293945,56.900001525878906,56.900001525878906,29900
2025-10-08 18:04:00+00:00,56.90999984741211,56.93989944458008,56.900001525878906,56.929901123046875,14309
2025-10-08 18:05:00+00:00,56.92499923706055,56.959999084472656,56.900001525878906,56.959999084472656,23186
2025-10-08 18:06:00+00:00,56.96500015258789,56.96500015258789,56.91999816894531,56.91999816894531,13158
2025-10-08 18:07:00+00:00,56.90999984741211,56.93740463256836,56.880001068115234,56.93000030517578,26214
2025-10-08 18:08:00+00:00,56.939998626708984,56.9900016784668,56.93000030517578,56.970001220703125,24676
2025-10-08 18:09:00+00:00,56.97999954223633,57.029998779296875,56.97999954223633,57.029998779296875,9462
2025-10-08 18:10:00+00:00,57.03990173339844,57.055599212646484,57.03499984741211,57.040000915527344,12823
2025-10-08 18:11:00+00:00,57.03499984741211,57.03499984741211,56.95000076293945,56.959999084472656,36111
2025-10-08 18:12:00+00:00,56.970001220703125,56.97999954223633,56.93000030517578,56.96500015258789,21669
2025-10-08 18:13:00+00:00,56.970001220703125,57.0,56.91999816894531,56.93000030517578,20988
2025-10-08 18:14:00+00:00,56.93000030517578,56.96500015258789,56.90999984741211,56.90999984741211,15184
2025-10-08 18:15:00+00:00,56.90999984741211,56.90999984741211,56.869998931884766,56.90999984741211,13669
2025-10-08 18:16:00+00:00,56.900001525878906,56.90999984741211,56.85499954223633,56.8650016784668,17222
2025-10-08 18:17:00+00:00,56.869998931884766,56.87580108642578,56.82500076293945,56.83000183105469,13422
2025-10-08 18:18:00+00:00,56.82500076293945,56.82500076293945,56.77000045776367,56.775001525878906,19335
2025-10-08 18:19:00+00:00,56.779998779296875,56.79499816894531,56.72999954223633,56.790000915527344,66669
2025-10-08 18:20:00+00:00,56.790000915527344,56.81999969482422,56.779998779296875,56.810001373291016,12796
2025-10-08 18:21:00+00:00,56.79999923706055,56.810001373291016,56.77000045776367,56.790000915527344,20526
2025-10-08 18:22:00+00:00,56.790000915527344,56.79999923706055,56.77000045776367,56.790000915527344,9407
2025-10-08 18:23:00+00:00,56.78499984741211,56.78499984741211,56.7400016784668,56.7400016784668,7404
2025-10-08 18:24:00+00:00,56.73500061035156,56.789798736572266,56.73500061035156,56.789798736572266,12291
2025-10-08 18:25:00+00:00,56.779998779296875,56.790000915527344,56.7599983215332,56.779998779296875,10258
2025-10-08 18:26:00+00:00,56.76499938964844,56.81999969482422,56.76499938964844,56.810001373291016,14756
2025-10-08 18:27:00+00:00,56.79999923706055,56.79999923706055,56.7599983215332,56.79999923706055,5998
2025-10-08 18:28:00+00:00,56.80500030517578,56.81999969482422,56.7599983215332,56.77000045776367,16119
2025-10-08 18:29:00+00:00,56.77980041503906,56.790000915527344,56.76020050048828,56.790000915527344,10393
2025-10-08 18:30:00+00:00,56.779998779296875,56.86000061035156,56.779998779296875,56.790199279785156,14766
2025-10-08 18:31:00+00:00,56.810001373291016,56.810001373291016,56.790000915527344,56.790000915527344,8631
2025-10-08 18:32:00+00:00,56.790000915527344,56.80500030517578,56.779998779296875,56.80500030517578,4504
2025-10-08 18:33:00+00:00,56.80500030517578,56.80500030517578,56.77000045776367,56.78990173339844,6995
2025-10-08 18:34:00+00:00,56.790000915527344,56.79999923706055,56.77000045776367,56.79499816894531,15742
2025-10-08 18:35:00+00:00,56.79209899902344,56.79499816894531,56.72999954223633,56.749900817871094,21290
2025-10-08 18:36:00+00:00,56.7400016784668,56.76499938964844,56.730098724365234,56.76499938964844,19217
2025-10-08 18:37:00+00:00,56.7599983215332,56.79999923706055,56.755001068115234,56.79999923706055,6747
2025-10-08 18:38:00+00:00,56.79999923706055,56.81999969482422,56.79499816894531,56.80500030517578,15021
2025-10-08 18:39:00+00:00,56.81999969482422,56.81999969482422,56.779998779296875,56.789798736572266,12845
2025-10-08 18:40:00+00:00,56.779998779296875,56.779998779296875,56.720001220703125,56.720001220703125,22057
2025-10-08 18:41:00+00:00,56.72999954223633,56.7400016784668,56.66999816894531,56.72999954223633,23837
2025-10-08 18:42:00+00:00,56.73500061035156,56.78010177612305,56.72999954223633,56.779998779296875,15187
2025-10-08 18:43:00+00:00,56.77000045776367,56.779998779296875,56.75,56.779998779296875,10970
2025-10-08 18:44:00+00:00,56.78499984741211,56.79999923706055,56.779998779296875,56.79499816894531,11882
2025-10-08 18:45:00+00:00,56.79999923706055,56.82500076293945,56.76499938964844,56.77000045776367,11071
2025-10-08 18:46:00+00:00,56.790000915527344,56.82600021362305,56.77000045776367,56.82500076293945,22696
2025-10-08 18:47:00+00:00,56.81999969482422,56.83000183105469,56.79999923706055,56.82500076293945,15655
2025-10-08 18:48:00+00:00,56.82500076293945,56.869998931884766,56.79999923706055,56.869998931884766,20332
2025-10-08 18:49:00+00:00,56.869998931884766,56.87990188598633,56.83000183105469,56.83000183105469,16142
2025-10-08 18:50:00+00:00,56.834999084472656,56.834999084472656,56.810001373291016,56.81999969482422,9769
2025-10-08 18:51:00+00:00,56.83000183105469,56.88999938964844,56.83000183105469,56.88349914550781,12586
2025-10-08 18:52:00+00:00,56.900001525878906,56.90999984741211,56.88999938964844,56.900001525878906,15415
2025-10-08 18:53:00+00:00,56.905601501464844,56.905601501464844,56.864498138427734,56.875,15729
2025-10-08 18:54:00+00:00,56.869998931884766,56.880001068115234,56.86000061035156,56.869998931884766,9239
2025-10-08 18:55:00+00:00,56.869998931884766,56.8849983215332,56.84000015258789,56.849998474121094,11288
2025-10-08 18:56:00+00:00,56.849998474121094,56.869998931884766,56.845001220703125,56.85499954223633,11648
2025-10-08 18:57:00+00:00,56.849998474121094,56.91999816894531,56.84000015258789,56.900001525878906,20926
2025-10-08 18:58:00+00:00,56.909000396728516,56.90999984741211,56.875,56.88999938964844,12049
2025-10-08 18:59:00+00:00,56.89500045776367,56.959999084472656,56.88999938964844,56.94499969482422,20534
2025-10-08 19:00:00+00:00,56.95000076293945,56.959999084472656,56.86009979248047,56.88999938964844,35812
2025-10-08 19:01:00+00:00,56.888999938964844,56.96500015258789,56.8849983215332,56.96149826049805,15384
2025-10-08 19:02:00+00:00,56.959999084472656,56.96500015258789,56.94499969482422,56.95000076293945,11491
2025-10-08 19:03:00+00:00,56.95500183105469,56.970001220703125,56.92499923706055,56.95500183105469,14370
2025-10-08 19:04:00+00:00,56.95000076293945,57.01499938964844,56.95000076293945,56.994998931884766,27922
2025-10-08 19:05:00+00:00,57.0,57.0098991394043,56.9900016784668,56.994998931884766,23413
2025-10-08 19:06:00+00:00,56.9900016784668,57.00899887084961,56.9900016784668,57.00899887084961,16816
2025-10-08 19:07:00+00:00,57.00653076171875,57.06999969482422,56.994998931884766,57.06999969482422,29739
2025-10-08 19:08:00+00:00,57.06999969482422,57.06999969482422,57.040000915527344,57.04999923706055,21965
2025-10-08 19:09:00+00:00,57.04999923706055,57.06999969482422,57.04999923706055,57.064998626708984,23615
2025-10-08 19:10:00+00:00,57.0625,57.095001220703125,57.0625,57.095001220703125,17255
2025-10-08 19:11:00+00:00,57.095001220703125,57.179901123046875,57.095001220703125,57.130001068115234,39922
2025-10-08 19:12:00+00:00,57.130001068115234,57.1349983215332,57.11000061035156,57.1349983215332,16849
2025-10-08 19:13:00+00:00,57.13999938964844,57.185001373291016,57.130001068115234,57.18000030517578,17096
2025-10-08 19:14:00+00:00,57.18000030517578,57.19499969482422,57.15999984741211,57.19499969482422,22515
2025-10-08 19:15:00+00:00,57.19499969482422,57.25,57.19499969482422,57.244998931884766,20196
2025-10-08 19:16:00+00:00,57.244998931884766,57.279998779296875,57.209999084472656,57.279998779296875,22847
2025-10-08 19:17:00+00:00,57.27560043334961,57.279998779296875,57.220001220703125,57.244998931884766,25893
2025-10-08 19:18:00+00:00,57.244998931884766,57.27000045776367,57.21200180053711,57.244998931884766,20503
2025-10-08 19:19:00+00:00,57.25,57.25,57.22999954223633,57.25,17256
2025-10-08 19:20:00+00:00,57.22999954223633,57.22999954223633,57.160099029541016,57.20500183105469,28922
2025-10-08 19:21:00+00:00,57.20500183105469,57.2400016784668,57.204498291015625,57.2400016784668,8289
2025-10-08 19:22:00+00:00,57.2400016784668,57.29999923706055,57.22999954223633,57.269901275634766,25676
2025-10-08 19:23:00+00:00,57.27000045776367,57.29999923706055,57.244998931884766,57.244998931884766,27135
2025-10-08 19:24:00+00:00,57.2400016784668,57.27000045776367,57.22999954223633,57.26499938964844,12961
2025-10-08 19:25:00+00:00,57.26499938964844,57.29999923706055,57.255001068115234,57.29999923706055,26235
2025-10-08 19:26:00+00:00,57.29999923706055,57.314998626708984,57.27000045776367,57.290000915527344,14362
2025-10-08 19:27:00+00:00,57.29499816894531,57.310001373291016,57.27000045776367,57.309898376464844,25720
2025-10-08 19:28:00+00:00,57.29999923706055,57.345001220703125,57.290000915527344,57.33000183105469,49022
2025-10-08 19:29:00+00:00,57.33000183105469,57.380001068115234,57.31999969482422,57.349998474121094,37332
2025-10-08 19:30:00+00:00,57.35499954223633,57.369998931884766,57.31999969482422,57.35499954223633,47063
2025-10-08 19:31:00+00:00,57.349998474121094,57.400001525878906,57.34000015258789,57.38999938964844,23107
2025-10-08 19:32:00+00:00,57.38999938964844,57.41999816894531,57.38999938964844,57.40380096435547,21241
2025-10-08 19:33:00+00:00,57.403499603271484,57.403499603271484,57.375,57.38999938964844,22832
2025-10-08 19:34:00+00:00,57.38999938964844,57.40999984741211,57.380001068115234,57.380001068115234,37148
2025-10-08 19:35:00+00:00,57.380001068115234,57.43159866333008,57.380001068115234,57.43159866333008,24329
2025-10-08 19:36:00+00:00,57.42499923706055,57.43000030517578,57.400001525878906,57.41999816894531,17433
2025-10-08 19:37:00+00:00,57.43000030517578,57.470001220703125,57.42499923706055,57.45500183105469,29674
2025-10-08 19:38:00+00:00,57.45000076293945,57.474998474121094,57.44499969482422,57.45500183105469,40763
2025-10-08 19:39:00+00:00,57.45500183105469,57.459999084472656,57.400001525878906,57.43000030517578,32658
2025-10-08 19:40:00+00:00,57.43000030517578,57.46989822387695,57.41999816894531,57.45000076293945,28425
2025-10-08 19:41:00+00:00,57.45000076293945,57.4557991027832,57.420101165771484,57.43000030517578,48066
2025-10-08 19:42:00+00:00,57.439998626708984,57.4900016784668,57.430999755859375,57.48500061035156,27200
2025-10-08 19:43:00+00:00,57.48500061035156,57.54999923706055,57.474998474121094,57.54999923706055,52050
2025-10-08 19:44:00+00:00,57.54999923706055,57.58000183105469,57.54999923706055,57.58000183105469,56428
2025-10-08 19:45:00+00:00,57.57500076293945,57.584999084472656,57.540000915527344,57.55500030517578,99913
2025-10-08 19:46:00+00:00,57.560001373291016,57.599998474121094,57.53929901123047,57.564998626708984,82495
2025-10-08 19:47:00+00:00,57.560001373291016,57.595001220703125,57.54499816894531,57.55500030517578,62513
2025-10-08 19:48:00+00:00,57.55500030517578,57.560001373291016,57.5,57.5099983215332,53467
2025-10-08 19:49:00+00:00,57.505001068115234,57.525001525878906,57.47999954223633,57.4900016784668,52831
2025-10-08 19:50:00+00:00,57.5,57.61000061035156,57.47200012207031,57.599998474121094,123998
2025-10-08 19:51:00+00:00,57.599998474121094,57.609798431396484,57.46229934692383,57.475799560546875,85095
2025-10-08 19:52:00+00:00,57.47999954223633,57.5099983215332,57.45000076293945,57.4900016784668,65460
2025-10-08 19:53:00+00:00,57.47999954223633,57.5,57.39500045776367,57.39500045776367,50374
2025-10-08 19:54:00+00:00,57.38999938964844,57.470001220703125,57.38999938964844,57.45000076293945,69651
2025-10-08 19:55:00+00:00,57.44499969482422,57.44499969482422,57.314998626708984,57.345001220703125,108780
2025-10-08 19:56:00+00:00,57.345001220703125,57.38999938964844,57.33000183105469,57.3650016784668,97305
2025-10-08 19:57:00+00:00,57.369998931884766,57.375,57.2400016784668,57.2599983215332,116953
2025-10-08 19:58:00+00:00,57.26499938964844,57.290000915527344,57.22999954223633,57.2400016784668,153471
2025-10-08 19:59:00+00:00,57.2400016784668,57.25,57.10499954223633,57.150001525878906,417180
2025-10-08 20:00:00+00:00,57.12,57.4773,57.12,57.16,914982
2025-10-08 20:01:00+00:00,57.12,57.46,57.1191,57.12,0
2025-10-08 20:02:00+00:00,57.12,57.44,57.1,57.26,0
2025-10-08 20:03:00+00:00,57.3317,57.35,57.26,57.33,0
2025-10-08 20:04:00+00:00,57.12,57.34,57.12,57.34,0
2025-10-08 20:05:00+00:00,57.34,57.35,57.2,57.3015,0
2025-10-08 20:06:00+00:00,57.31,57.33,57.12,57.33,0
2025-10-08 20:07:00+00:00,57.33,57.3475,57.33,57.3475,0
2025-10-08 20:08:00+00:00,57.3,57.34,57.3,57.3,0
2025-10-08 20:09:00+00:00,57.32,57.3494,57.2999,57.2999,0
2025-10-08 20:10:00+00:00,57.12,57.3,57.12,57.3,0
2025-10-08 20:11:00+00:00,57.3,57.35,57.12,57.3,0
2025-10-08 20:12:00+00:00,57.29,57.3,57.21,57.28,0
2025-10-08 20:13:00+00:00,57.28,57.29,57.23,57.29,0
2025-10-08 20:14:00+00:00,57.29,57.29,57.29,57.29,0
2025-10-08 20:15:00+00:00,57.29,57.29,57.25,57.29,0
2025-10-08 20:16:00+00:00,57.26,57.29,57.21,57.25,0
2025-10-08 20:17:00+00:00,57.29,57.29,57.29,57.29,0
2025-10-08 20:18:00+00:00,57.25,57.3,57.25,57.2907,0
2025-10-08 20:19:00+00:00,57.29,57.4072,57.29,57.29,0
2025-10-08 20:20:00+00:00,57.29,57.42,57.29,57.42,0
2025-10-08 20:21:00+00:00,57.33,57.42,57.33,57.34,0
2025-10-08 20:22:00+00:00,57.33,57.4173,57.29,57.29,0
2025-10-08 20:23:00+00:00,57.34,57.42,57.12,57.39,0
2025-10-08 20:24:00+00:00,57.3722,57.42,57.31,57.37,0
2025-10-08 20:25:00+00:00,57.35,57.37,57.35,57.37,0
2025-10-08 20:26:00+00:00,57.42,57.42,57.42,57.42,0
2025-10-08 20:27:00+00:00,57.39,57.39,57.37,57.37,0
2025-10-08 20:28:00+00:00,57.39,57.39,57.37,57.38,0
2025-10-08 20:29:00+00:00,57.37,57.42,57.33,57.33,0
2025-10-08 20:30:00+00:00,57.3308,57.4199,57.31,57.4199,0
2025-10-08 20:31:00+00:00,57.375,57.42,57.375,57.42,0
2025-10-08 20:32:00+00:00,57.38,57.42,57.32,57.33,0
2025-10-08 20:33:00+00:00,57.35,57.4,57.35,57.35,0
2025-10-08 20:34:00+00:00,57.31,57.38,57.3,57.33,0
2025-10-08 20:35:00+00:00,57.31,57.31,57.3,57.3,0
2025-10-08 20:36:00+00:00,57.36,57.36,57.36,57.36,0
2025-10-08 20:37:00+00:00,57.35,57.4,57.33,57.33,0
2025-10-08 20:38:00+00:00,57.36,57.36,57.36,57.36,0
2025-10-08 20:39:00+00:00,57.36,57.4,57.33,57.3501,0
2025-10-08 20:40:00+00:00,57.33,57.3993,57.33,57.3993,0
2025-10-08 20:41:00+00:00,57.4,57.4,57.35,57.35,0
2025-10-08 20:42:00+00:00,57.36,57.37,57.36,57.37,0
2025-10-08 20:43:00+00:00,57.3985,57.3985,57.35,57.36,0
2025-10-08 20:44:00+00:00,57.35,57.36,57.35,57.36,0
2025-10-08 20:45:00+00:00,57.36,57.36,57.36,57.36,0
2025-10-08 20:46:00+00:00,57.36,57.37,57.35,57.37,0
2025-10-08 20:47:00+00:00,57.38,57.38,57.3799,57.38,0
2025-10-08 20:48:00+00:00,57.38,57.38,57.35,57.35,0
2025-10-08 20:49:00+00:00,57.35,57.3799,57.3499,57.3799,0
2025-10-08 20:50:00+00:00,57.3799,57.4,57.35,57.38,0
2025-10-08 20:51:00+00:00,57.38,57.4,57.37,57.37,0
2025-10-08 20:52:00+00:00,57.4,57.41,57.3988,57.41,0
2025-10-08 20:53:00+00:00,57.4,57.42,57.3763,57.3763,0
2025-10-08 20:54:00+00:00,57.3991,57.4,57.3991,57.4,0
2025-10-08 20:55:00+00:00,57.4,57.42,57.3712,57.4,0
2025-10-08 20:56:00+00:00,57.4,57.42,57.35,57.35,0
2025-10-08 20:57:00+00:00,57.41,57.42,57.35,57.4,0
2025-10-08 20:58:00+00:00,57.4,57.42,57.35,57.42,0
2025-10-08 20:59:00+00:00,57.37,57.45,57.37,57.42,0
2025-10-08 21:00:00+00:00,57.4,57.45,57.4,57.41,0
2025-10-08 21:01:00+00:00,57.12,57.5,57.12,57.38,0
2025-10-08 21:02:00+00:00,57.45,57.45,57.42,57.44,0
2025-10-08 21:03:00+00:00,57.4494,57.4494,57.43,57.43,0
2025-10-08 21:04:00+00:00,57.44,57.44,57.42,57.44,0
2025-10-08 21:05:00+00:00,57.4383,57.44,57.43,57.44,0
2025-10-08 21:06:00+00:00,57.45,57.45,57.44,57.44,0
2025-10-08 21:07:00+00:00,57.4399,57.44,57.4374,57.44,0
2025-10-08 21:08:00+00:00,57.12,57.12,57.12,57.12,0
2025-10-08 21:09:00+00:00,57.43,57.43,57.4281,57.4281,0
2025-10-08 21:10:00+00:00,57.4281,57.4294,57.42,57.4294,0
2025-10-08 21:11:00+00:00,57.43,57.43,57.4,57.4,0
2025-10-08 21:12:00+00:00,57.42,57.42,57.42,57.42,0
2025-10-08 21:13:00+00:00,57.42,57.42,57.4195,57.4195,0
2025-10-08 21:14:00+00:00,57.41,57.41,57.41,57.41,0
2025-10-08 21:15:00+00:00,57.41,57.41,57.41,57.41,0
2025-10-08 21:16:00+00:00,57.38,57.41,57.38,57.41,0
2025-10-08 21:17:00+00:00,57.41,57.41,57.4,57.4,0
2025-10-08 21:18:00+00:00,57.4,57.41,57.4,57.4,0
2025-10-08 21:19:00+00:00,57.38,57.39,57.35,57.35,0
2025-10-08 21:20:00+00:00,57.35,57.35,57.32,57.35,0
2025-10-08 21:21:00+00:00,57.35,57.4,57.35,57.38,0
2025-10-08 21:22:00+00:00,57.38,57.4095,57.38,57.4,0
2025-10-08 21:23:00+00:00,57.4,57.41,57.4,57.4087,0
2025-10-08 21:24:00+00:00,57.4,57.4,57.35,57.35,0
2025-10-08 21:25:00+00:00,57.35,57.35,57.35,57.35,0
2025-10-08 21:26:00+00:00,57.35,57.35,57.3499,57.35,0
2025-10-08 21:27:00+00:00,57.35,57.4,57.35,57.38,0
2025-10-08 21:28:00+00:00,57.35,57.4,57.35,57.4,0
2025-10-08 21:29:00+00:00,57.4,57.4,57.4,57.4,0
2025-10-08 21:30:00+00:00,57.4,57.41,57.4,57.4095,0
2025-10-08 21:31:00+00:00,57.4088,57.41,57.4088,57.41,0
2025-10-08 21:32:00+00:00,57.4088,57.4088,57.4083,57.4083,0
2025-10-08 21:33:00+00:00,57.4083,57.4098,57.4083,57.4098,0
2025-10-08 21:34:00+00:00,57.4,57.42,57.4,57.42,0
2025-10-08 21:35:00+00:00,57.42,57.42,57.42,57.42,0
2025-10-08 21:36:00+00:00,57.42,57.42,57.42,57.42,0
2025-10-08 21:37:00+00:00,57.42,57.42,57.42,57.42,0
2025-10-08 21:38:00+00:00,57.4199,57.4199,57.4199,57.4199,0
2025-10-08 21:39:00+00:00,57.42,57.42,57.42,57.42,0
2025-10-08 21:40:00+00:00,57.42,57.44,57.42,57.44,0
2025-10-08 21:41:00+00:00,57.44,57.44,57.4398,57.44,0
2025-10-08 21:42:00+00:00,57.42,57.44,57.42,57.44,0
2025-10-08 21:43:00+00:00,57.45,57.45,57.35,57.35,0
2025-10-08 21:44:00+00:00,57.36,57.45,57.36,57.45,0
2025-10-08 21:45:00+00:00,57.35,57.45,57.35,57.45,0
2025-10-08 21:46:00+00:00,57.45,57.45,57.38,57.44,0
2025-10-08 21:47:00+00:00,57.43,57.45,57.35,57.4,0
2025-10-08 21:49:00+00:00,57.424,57.424,57.424,57.424,0
2025-10-08 21:50:00+00:00,57.39,57.39,57.3899,57.39,0
2025-10-08 21:51:00+00:00,57.39,57.39,57.39,57.39,0
2025-10-08 21:52:00+00:00,57.38,57.39,57.38,57.39,0
2025-10-08 21:53:00+00:00,57.39,57.43,57.39,57.43,0
2025-10-08 21:54:00+00:00,57.43,57.45,57.43,57.4496,0
2025-10-08 21:55:00+00:00,57.45,57.45,57.45,57.45,0
2025-10-08 21:56:00+00:00,57.45,57.5,57.41,57.46,0
2025-10-08 21:57:00+00:00,57.42,57.5,57.42,57.5,0
2025-10-08 21:58:00+00:00,57.49,57.49,57.49,57.49,0
2025-10-08 21:59:00+00:00,57.5,57.5,57.49,57.49,0
2025-10-08 22:00:00+00:00,57.4998,57.4998,57.49,57.49,0
2025-10-08 22:01:00+00:00,57.5,57.5,57.49,57.49,0
2025-10-08 22:02:00+00:00,57.49,57.5,57.4886,57.49,0
2025-10-08 22:03:00+00:00,57.49,57.49,57.4499,57.4499,0
2025-10-08 22:04:00+00:00,57.45,57.45,57.44,57.44,0
2025-10-08 22:05:00+00:00,57.43,57.44,57.43,57.44,0
2025-10-08 22:06:00+00:00,57.4397,57.49,57.4397,57.49,0
2025-10-08 22:07:00+00:00,57.49,57.49,57.48,57.48,0
2025-10-08 22:08:00+00:00,57.48,57.5922,57.47,57.5922,0
2025-10-08 22:09:00+00:00,57.48,57.5829,57.48,57.57,0
2025-10-08 22:10:00+00:00,57.6,57.6,57.4801,57.57,0
2025-10-08 22:11:00+00:00,57.6,57.6,57.57,57.57,0
2025-10-08 22:12:00+00:00,57.57,57.6,57.44,57.6,0
2025-10-08 22:13:00+00:00,57.57,57.62,57.57,57.6,0
2025-10-08 22:14:00+00:00,57.6001,57.62,57.6001,57.6013,0
2025-10-08 22:15:00+00:00,57.61,57.64,57.6,57.6,0
2025-10-08 22:16:00+00:00,57.63,57.64,57.6,57.6,0
2025-10-08 22:17:00+00:00,57.59,57.6,57.45,57.5,0
2025-10-08 22:18:00+00:00,57.59,57.59,57.45,57.59,0
2025-10-08 22:19:00+00:00,57.59,57.59,57.4501,57.5,0
2025-10-08 22:21:00+00:00,57.59,57.59,57.59,57.59,0
2025-10-08 22:22:00+00:00,57.59,57.59,57.56,57.56,0
2025-10-08 22:23:00+00:00,57.56,57.59,57.56,57.59,0
2025-10-08 22:24:00+00:00,57.5799,57.5799,57.5799,57.5799,0
2025-10-08 22:26:00+00:00,57.59,57.59,57.59,57.59,0
2025-10-08 22:27:00+00:00,57.5023,57.59,57.5023,57.59,0
2025-10-08 22:28:00+00:00,57.59,57.59,57.59,57.59,0
2025-10-08 22:29:00+00:00,57.59,57.59,57.59,57.59,0
2025-10-08 22:30:00+00:00,57.58,57.58,57.58,57.58,0
2025-10-08 22:31:00+00:00,57.58,57.59,57.58,57.59,0
2025-10-08 22:32:00+00:00,57.59,57.59,57.59,57.59,0
2025-10-08 22:33:00+00:00,57.59,57.59,57.59,57.59,0
2025-10-08 22:34:00+00:00,57.5894,57.59,57.57,57.57,0
2025-10-08 22:35:00+00:00,57.5526,57.5899,57.55,57.55,0
2025-10-08 22:36:00+00:00,57.5501,57.59,57.5501,57.59,0
2025-10-08 22:37:00+00:00,57.59,57.59,57.55,57.55,0
2025-10-08 22:38:00+00:00,57.59,57.59,57.5043,57.5043,0
2025-10-08 22:39:00+00:00,57.54,57.5488,57.54,57.5488,0
2025-10-08 22:40:00+00:00,57.54,57.6,57.54,57.6,0
2025-10-08 22:41:00+00:00,57.6,57.6,57.5,57.5,0
2025-10-08 22:42:00+00:00,57.58,57.6,57.58,57.6,0
2025-10-08 22:44:00+00:00,57.58,57.58,57.58,57.58,0
2025-10-08 22:45:00+00:00,57.6,57.6,57.6,57.6,0
2025-10-08 22:46:00+00:00,57.58,57.6,57.58,57.6,0
2025-10-08 22:47:00+00:00,57.6,57.6,57.6,57.6,0
2025-10-08 22:48:00+00:00,57.6,57.6,57.5,57.5,0
2025-10-08 22:49:00+00:00,57.5,57.6,57.5,57.6,0
2025-10-08 22:50:00+00:00,57.6,57.6,57.55,57.6,0
2025-10-08 22:51:00+00:00,57.6,57.6,57.6,57.6,0
2025-10-08 22:52:00+00:00,57.5228,57.6,57.5228,57.6,0
2025-10-08 22:53:00+00:00,57.6,57.6,57.6,57.6,0
2025-10-08 22:54:00+00:00,57.6,57.65,57.6,57.65,0
2025-10-08 22:55:00+00:00,57.6397,57.6397,57.62,57.62,0
2025-10-08 22:56:00+00:00,57.63,57.63,57.62,57.63,0
2025-10-08 22:57:00+00:00,57.61,57.61,57.6,57.6,0
2025-10-08 22:58:00+00:00,57.59,57.6,57.52,57.6,0
2025-10-08 22:59:00+00:00,57.6,57.6356,57.6,57.6356,0
2025-10-08 23:00:00+00:00,57.65,57.65,57.6,57.6,0
2025-10-08 23:01:00+00:00,57.6,57.64,57.52,57.52,0
2025-10-08 23:02:00+00:00,57.6435,57.6435,57.6431,57.6431,0
2025-10-08 23:04:00+00:00,57.65,57.65,57.64,57.6486,0
2025-10-08 23:05:00+00:00,57.65,57.65,57.65,57.65,0
2025-10-08 23:06:00+00:00,57.61,57.61,57.61,57.61,0
2025-10-08 23:07:00+00:00,57.64,57.65,57.6,57.65,0
2025-10-08 23:08:00+00:00,57.65,57.65,57.6,57.65,0
2025-10-08 23:09:00+00:00,57.6499,57.6809,57.55,57.6809,0
2025-10-08 23:10:00+00:00,57.67,57.68,57.55,57.55,0
2025-10-08 23:11:00+00:00,57.683,57.6898,57.683,57.6898,0
2025-10-08 23:12:00+00:00,57.68,57.6877,57.54,57.6877,0
2025-10-08 23:13:00+00:00,57.54,57.54,57.54,57.54,0
2025-10-08 23:14:00+00:00,57.69,57.69,57.62,57.67,0
2025-10-08 23:15:00+00:00,57.67,57.7,57.67,57.7,0
2025-10-08 23:16:00+00:00,57.68,57.68,57.68,57.68,0
2025-10-08 23:17:00+00:00,57.698,57.7,57.65,57.7,0
2025-10-08 23:18:00+00:00,57.7498,57.7498,57.7498,57.7498,0
2025-10-08 23:19:00+00:00,57.72,57.74,57.7,57.7,0
2025-10-08 23:20:00+00:00,57.65,57.7,57.65,57.65,0
2025-10-08 23:21:00+00:00,57.65,57.65,57.56,57.56,0
2025-10-08 23:22:00+00:00,57.6,57.65,57.56,57.56,0
2025-10-08 23:24:00+00:00,57.6487,57.6487,57.56,57.56,0
2025-10-08 23:25:00+00:00,57.65,57.65,57.56,57.56,0
2025-10-08 23:26:00+00:00,57.6,57.6,57.6,57.6,0
2025-10-08 23:28:00+00:00,57.65,57.67,57.65,57.67,0
2025-10-08 23:30:00+00:00,57.67,57.67,57.67,57.67,0
2025-10-08 23:31:00+00:00,57.6696,57.6696,57.6696,57.6696,0
2025-10-08 23:32:00+00:00,57.6,57.6,57.6,57.6,0
2025-10-08 23:33:00+00:00,57.67,57.67,57.67,57.67,0
2025-10-08 23:34:00+00:00,57.64,57.75,57.64,57.75,0
2025-10-08 23:35:00+00:00,57.6,57.75,57.6,57.75,0
2025-10-08 23:36:00+00:00,57.67,57.75,57.67,57.75,0
2025-10-08 23:37:00+00:00,57.75,57.75,57.7,57.7,0
2025-10-08 23:38:00+00:00,57.7467,57.7467,57.62,57.7,0
2025-10-08 23:39:00+00:00,57.7482,57.7482,57.73,57.73,0
2025-10-08 23:40:00+00:00,57.74,57.74,57.7,57.7,0
2025-10-08 23:41:00+00:00,57.7388,57.75,57.6839,57.74,0
2025-10-08 23:42:00+00:00,57.74,57.74,57.74,57.74,0
2025-10-08 23:43:00+00:00,57.73,57.74,57.68,57.68,0
2025-10-08 23:44:00+00:00,57.68,57.68,57.64,57.64,0
2025-10-08 23:45:00+00:00,57.6386,57.6391,57.6008,57.6083,0
2025-10-08 23:46:00+00:00,57.62,57.62,57.6,57.6,0
2025-10-08 23:47:00+00:00,57.64,57.68,57.6,57.64,0
2025-10-08 23:48:00+00:00,57.64,57.68,57.64,57.68,0
2025-10-08 23:49:00+00:00,57.65,57.65,57.6421,57.6426,0
2025-10-08 23:50:00+00:00,57.6784,57.68,57.643,57.68,0
2025-10-08 23:51:00+00:00,57.68,57.68,57.64,57.68,0
2025-10-08 23:52:00+00:00,57.7,57.75,57.7,57.75,0
2025-10-08 23:53:00+00:00,57.74,57.81,57.74,57.78,0
2025-10-08 23:54:00+00:00,57.77,57.77,57.69,57.69,0
2025-10-08 23:55:00+00:00,57.7,57.78,57.7,57.76,0
2025-10-08 23:56:00+00:00,57.77,57.78,57.77,57.7799,0
2025-10-08 23:57:00+00:00,57.78,57.83,57.78,57.78,0
2025-10-08 23:58:00+00:00,57.78,57.8,57.78,57.7819,0
2025-10-08 23:59:00+00:00,57.8,57.8,57.6,57.7,0
2025-10-09 08:00:00+00:00,58.0,58.01,57.04,57.83,0
2025-10-09 08:01:00+00:00,57.79,58.0,57.56,57.72,0
2025-10-09 08:02:00+00:00,57.75,57.82,57.18,57.18,0
2025-10-09 08:03:00+00:00,57.23,57.72,57.23,57.72,0
2025-10-09 08:04:00+00:00,57.87,57.92,57.51,57.8,0
2025-10-09 08:06:00+00:00,57.88,57.88,57.85,57.88,0
2025-10-09 08:07:00+00:00,57.91,57.92,57.66,57.66,0
2025-10-09 08:08:00+00:00,57.8,57.82,57.76,57.76,0
2025-10-09 08:10:00+00:00,57.88,57.89,57.88,57.89,0
2025-10-09 08:11:00+00:00,57.89,57.89,57.67,57.89,0
2025-10-09 08:12:00+00:00,57.89,57.89,57.89,57.89,0
2025-10-09 08:13:00+00:00,57.89,57.89,57.62,57.66,0
2025-10-09 08:14:00+00:00,57.72,57.72,57.72,57.72,0
2025-10-09 08:15:00+00:00,57.62,57.9,57.6,57.85,0
2025-10-09 08:16:00+00:00,57.77,57.95,57.25,57.76,0
2025-10-09 08:17:00+00:00,57.76,57.79,57.76,57.76,0
2025-10-09 08:18:00+00:00,57.76,57.78,57.51,57.51,0
2025-10-09 08:20:00+00:00,57.73,57.81,57.57,57.57,0
2025-10-09 08:21:00+00:00,57.63,57.63,57.49,57.59,0
2025-10-09 08:22:00+00:00,57.74,57.91,57.66,57.7,0
2025-10-09 08:24:00+00:00,57.69,57.77,57.6,57.77,0
2025-10-09 08:25:00+00:00,57.76,58.0,57.6,57.9,0
2025-10-09 08:26:00+00:00,57.89,57.9,57.8,57.88,0
2025-10-09 08:27:00+00:00,57.65,57.65,57.65,57.65,0
2025-10-09 08:28:00+00:00,57.84,57.86,57.84,57.86,0
2025-10-09 08:29:00+00:00,57.86,57.93,57.86,57.93,0
2025-10-09 08:31:00+00:00,57.79,57.79,57.79,57.79,0
2025-10-09 08:32:00+00:00,57.75,57.75,57.6,57.69,0
2025-10-09 08:33:00+00:00,57.75,57.75,57.75,57.75,0
2025-10-09 08:34:00+00:00,57.8,57.8,57.8,57.8,0
2025-10-09 08:36:00+00:00,57.86,57.86,57.86,57.86,0
2025-10-09 08:38:00+00:00,57.75,57.88,57.75,57.76,0
2025-10-09 08:39:00+00:00,57.79,57.98,57.79,57.97,0
2025-10-09 08:41:00+00:00,57.73,57.93,57.61,57.72,0
2025-10-09 08:42:00+00:00,57.7,57.72,57.7,57.71,0
2025-10-09 08:43:00+00:00,57.71,57.71,57.71,57.71,0
2025-10-09 08:44:00+00:00,57.7,57.78,57.4,57.78,0
2025-10-09 08:46:00+00:00,57.8,57.8,57.8,57.8,0
2025-10-09 08:48:00+00:00,57.51,57.69,57.43,57.69,0
2025-10-09 08:51:00+00:00,57.58,57.69,57.41,57.51,0
2025-10-09 08:52:00+00:00,57.53,57.9,57.53,57.9,0
2025-10-09 08:53:00+00:00,57.69,57.69,57.33,57.57,0
2025-10-09 08:55:00+00:00,57.59,57.73,57.59,57.73,0
2025-10-09 08:56:00+00:00,57.68,57.68,57.68,57.68,0
2025-10-09 08:58:00+00:00,57.73,57.92,57.73,57.92,0
2025-10-09 09:02:00+00:00,57.65,57.72,57.5,57.72,0
2025-10-09 09:04:00+00:00,57.72,57.72,57.59,57.59,0
2025-10-09 09:05:00+00:00,57.8,57.8,57.8,57.8,0
2025-10-09 09:06:00+00:00,57.7,57.7,57.67,57.67,0
2025-10-09 09:07:00+00:00,57.69,57.69,57.67,57.67,0
2025-10-09 09:10:00+00:00,57.58,57.58,57.52,57.52,0
2025-10-09 09:11:00+00:00,57.67,57.67,57.64,57.64,0
2025-10-09 09:12:00+00:00,57.83,57.84,57.63,57.73,0
2025-10-09 09:15:00+00:00,57.83,57.83,57.83,57.83,0
2025-10-09 09:16:00+00:00,57.73,58.88,57.73,58.29,0
2025-10-09 09:17:00+00:00,58.29,58.35,58.0,58.07,0
2025-10-09 09:18:00+00:00,57.99,58.02,57.99,58.01,0
2025-10-09 09:19:00+00:00,58.0,58.01,57.38,57.67,0
2025-10-09 09:20:00+00:00,57.65,57.72,57.6,57.6,0
2025-10-09 09:21:00+00:00,57.62,58.23,57.61,58.2,0
2025-10-09 09:22:00+00:00,58.11,58.11,58.11,58.11,0
2025-10-09 09:23:00+00:00,58.16,58.16,58.02,58.15,0
2025-10-09 09:24:00+00:00,58.08,58.15,58.08,58.15,0
2025-10-09 09:25:00+00:00,58.01,58.15,58.01,58.15,0
2025-10-09 09:26:00+00:00,58.32,58.38,58.32,58.38,0
2025-10-09 09:28:00+00:00,58.18,58.18,58.18,58.18,0
2025-10-09 09:29:00+00:00,58.01,58.04,57.98,58.0,0
2025-10-09 09:30:00+00:00,58.0,58.0,58.0,58.0,0
2025-10-09 09:31:00+00:00,58.0,58.0,58.0,58.0,0
2025-10-09 09:32:00+00:00,58.0,58.0,58.0,58.0,0
2025-10-09 09:33:00+00:00,58.0,58.0,58.0,58.0,0
2025-10-09 09:34:00+00:00,58.0,58.02,57.99,57.99,0
2025-10-09 09:35:00+00:00,58.0,58.0,58.0,58.0,0
2025-10-09 09:36:00+00:00,57.95,57.95,57.95,57.95,0
2025-10-09 09:37:00+00:00,58.01,58.01,57.99,57.99,0
2025-10-09 09:38:00+00:00,58.1,58.1,58.1,58.1,0
2025-10-09 09:39:00+00:00,57.99,58.0,57.99,58.0,0
2025-10-09 09:40:00+00:00,58.05,58.05,58.05,58.05,0
2025-10-09 09:41:00+00:00,58.0,58.0,58.0,58.0,0
2025-10-09 09:45:00+00:00,58.0,58.0,58.0,58.0,0
2025-10-09 09:47:00+00:00,57.94,57.94,57.94,57.94,0
2025-10-09 09:48:00+00:00,57.94,57.94,57.8,57.8,0
2025-10-09 09:49:00+00:00,57.99,57.99,57.96,57.96,0
2025-10-09 09:51:00+00:00,57.96,57.98,57.79,57.98,0
2025-10-09 09:52:00+00:00,57.9,57.95,57.9,57.9,0
2025-10-09 09:57:00+00:00,57.89,58.0,57.89,57.98,0
2025-10-09 09:58:00+00:00,57.98,58.0,57.98,58.0,0
2025-10-09 09:59:00+00:00,57.98,58.0,57.98,58.0,0
2025-10-09 10:00:00+00:00,58.0,58.16,57.98,58.16,0
2025-10-09 10:03:00+00:00,58.01,58.01,58.0,58.0,0
2025-10-09 10:04:00+00:00,58.0,58.0,57.95,57.95,0
2025-10-09 10:05:00+00:00,58.01,58.01,58.01,58.01,0
2025-10-09 10:06:00+00:00,58.25,58.3,58.01,58.01,0
2025-10-09 10:07:00+00:00,58.18,58.21,58.18,58.21,0
2025-10-09 10:08:00+00:00,58.2,58.28,58.2,58.2,0
2025-10-09 10:09:00+00:00,58.21,58.29,58.21,58.27,0
2025-10-09 10:10:00+00:00,58.17,58.21,58.05,58.11,0
2025-10-09 10:11:00+00:00,58.21,58.21,58.15,58.21,0
2025-10-09 10:12:00+00:00,58.22,58.26,58.22,58.26,0
2025-10-09 10:13:00+00:00,58.22,58.22,58.18,58.19,0
2025-10-09 10:14:00+00:00,58.18,58.18,58.18,58.18,0
2025-10-09 10:15:00+00:00,58.15,58.23,58.15,58.23,0
2025-10-09 10:16:00+00:00,58.25,58.36,58.25,58.36,0
2025-10-09 10:17:00+00:00,58.25,58.25,58.15,58.24,0
2025-10-09 10:18:00+00:00,58.1,58.15,58.1,58.15,0
2025-10-09 10:19:00+00:00,58.15,58.23,58.15,58.23,0
2025-10-09 10:20:00+00:00,58.15,58.15,58.15,58.15,0
2025-10-09 10:21:00+00:00,58.24,58.29,58.24,58.29,0
2025-10-09 10:22:00+00:00,58.29,58.3,58.29,58.3,0
2025-10-09 10:23:00+00:00,58.3,58.37,58.13,58.37,0
2025-10-09 10:24:00+00:00,58.28,58.28,58.28,58.28,0
2025-10-09 10:25:00+00:00,58.29,58.4,58.29,58.37,0
2025-10-09 10:26:00+00:00,58.35,58.45,58.35,58.4,0
2025-10-09 10:27:00+00:00,58.4,58.4,58.0,58.0,0
2025-10-09 10:28:00+00:00,58.0,58.12,58.0,58.12,0
2025-10-09 10:29:00+00:00,58.1,58.1,58.1,58.1,0
2025-10-09 10:30:00+00:00,58.36,59.76,58.36,59.01,0
2025-10-09 10:31:00+00:00,59.01,60.0,58.54,59.54,0
2025-10-09 10:32:00+00:00,59.7,59.99,59.7,59.83,0
2025-10-09 10:33:00+00:00,59.7,59.86,59.44,59.83,0
2025-10-09 10:34:00+00:00,59.86,60.34,59.86,60.26,0
2025-10-09 10:35:00+00:00,60.26,60.34,60.01,60.27,0
2025-10-09 10:36:00+00:00,60.29,60.55,60.29,60.37,0
2025-10-09 10:37:00+00:00,60.37,60.59,60.23,60.56,0
2025-10-09 10:38:00+00:00,60.56,60.95,60.56,60.92,0
2025-10-09 10:39:00+00:00,60.93,61.01,60.6,60.97,0
2025-10-09 10:40:00+00:00,60.78,60.79,60.12,60.12,0
2025-10-09 10:41:00+00:00,60.24,60.5,60.24,60.31,0
2025-10-09 10:42:00+00:00,60.4,60.5,60.34,60.4,0
2025-10-09 10:43:00+00:00,60.33,60.38,60.26,60.38,0
2025-10-09 10:44:00+00:00,60.38,60.74,60.37,60.74,0
2025-10-09 10:45:00+00:00,60.74,61.0,60.7,60.9,0
2025-10-09 10:46:00+00:00,60.95,61.0,60.77,60.77,0
2025-10-09 10:47:00+00:00,60.89,60.9,60.69,60.84,0
2025-10-09 10:48:00+00:00,60.82,60.85,60.72,60.8,0
2025-10-09 10:49:00+00:00,60.78,60.78,60.6,60.67,0
2025-10-09 10:50:00+00:00,60.67,60.67,60.31,60.43,0
2025-10-09 10:51:00+00:00,60.43,60.48,60.2,60.4,0
2025-10-09 10:52:00+00:00,60.39,60.42,60.1,60.15,0
2025-10-09 10:53:00+00:00,60.17,60.19,59.97,60.0,0
2025-10-09 10:54:00+00:00,60.01,60.1,60.0,60.1,0
2025-10-09 10:55:00+00:00,60.09,60.1,60.05,60.05,0
2025-10-09 10:56:00+00:00,60.07,60.1,60.06,60.1,0
2025-10-09 10:57:00+00:00,60.1,60.5,60.03,60.45,0
2025-10-09 10:58:00+00:00,60.42,60.45,60.34,60.34,0
2025-10-09 10:59:00+00:00,60.31,60.34,60.19,60.23,0
2025-10-09 11:00:00+00:00,60.17,60.36,59.62,59.95,0
2025-10-09 11:01:00+00:00,59.95,60.15,59.75,59.92,0
2025-10-09 11:02:00+00:00,59.9,59.95,59.63,59.7,0
2025-10-09 11:03:00+00:00,59.64,59.9,59.63,59.85,0
2025-10-09 11:04:00+00:00,59.86,59.88,59.75,59.85,0
2025-10-09 11:05:00+00:00,59.85,59.85,59.69,59.74,0
2025-10-09 11:06:00+00:00,59.7,59.77,59.68,59.76,0
2025-10-09 11:07:00+00:00,59.7,59.8,59.69,59.75,0
2025-10-09 11:08:00+00:00,59.73,59.77,59.72,59.76,0
2025-10-09 11:09:00+00:00,59.76,60.44,59.72,60.35,0
2025-10-09 11:10:00+00:00,60.34,60.38,60.17,60.29,0
2025-10-09 11:11:00+00:00,60.26,60.35,60.21,60.33,0
2025-10-09 11:12:00+00:00,60.3,60.3,60.0,60.01,0
2025-10-09 11:13:00+00:00,60.14,60.24,60.14,60.24,0
2025-10-09 11:14:00+00:00,60.26,60.35,60.15,60.15,0
2025-10-09 11:15:00+00:00,60.2,60.26,60.15,60.15,0
2025-10-09 11:16:00+00:00,60.18,60.23,60.05,60.05,0
2025-10-09 11:17:00+00:00,60.11,60.21,60.08,60.15,0
2025-10-09 11:18:00+00:00,60.14,60.34,60.14,60.27,0
2025-10-09 11:19:00+00:00,60.25,60.39,60.2,60.28,0
2025-10-09 11:20:00+00:00,60.3,60.38,60.25,60.26,0
2025-10-09 11:21:00+00:00,60.32,60.32,60.2,60.2,0
2025-10-09 11:22:00+00:00,60.22,60.64,60.2,60.61,0
2025-10-09 11:23:00+00:00,60.55,60.66,60.38,60.5,0
2025-10-09 11:24:00+00:00,60.51,60.6,60.5,60.56,0
2025-10-09 11:25:00+00:00,60.56,60.6,60.54,60.59,0
2025-10-09 11:26:00+00:00,60.59,60.6,60.47,60.49,0
2025-10-09 11:27:00+00:00,60.48,60.49,60.29,60.3,0
2025-10-09 11:28:00+00:00,60.33,60.46,60.25,60.44,0
2025-10-09 11:29:00+00:00,60.42,60.46,60.3,60.46,0
2025-10-09 11:30:00+00:00,60.45,60.65,60.45,60.5,0
2025-10-09 11:31:00+00:00,60.5,60.6,60.48,60.57,0
2025-10-09 11:32:00+00:00,60.57,60.61,60.45,60.47,0
2025-10-09 11:33:00+00:00,60.46,60.55,60.41,60.47,0
2025-10-09 11:34:00+00:00,60.54,60.7,60.49,60.65,0
2025-10-09 11:35:00+00:00,60.65,60.65,60.5,60.65,0
2025-10-09 11:36:00+00:00,60.63,60.74,60.62,60.7,0
2025-10-09 11:37:00+00:00,60.74,60.76,60.65,60.7,0
2025-10-09 11:38:00+00:00,60.67,60.67,60.51,60.51,0
2025-10-09 11:39:00+00:00,60.59,60.7,60.55,60.56,0
2025-10-09 11:40:00+00:00,60.55,60.59,60.47,60.57,0
2025-10-09 11:41:00+00:00,60.55,60.57,60.39,60.47,0
2025-10-09 11:42:00+00:00,60.52,60.9,60.5,60.76,0
2025-10-09 11:43:00+00:00,60.71,60.74,60.7,60.7,0
2025-10-09 11:44:00+00:00,60.67,60.75,60.63,60.65,0
2025-10-09 11:45:00+00:00,60.64,60.65,60.63,60.65,0
2025-10-09 11:46:00+00:00,60.65,60.67,60.59,60.67,0
2025-10-09 11:47:00+00:00,60.67,60.68,60.48,60.55,0
2025-10-09 11:48:00+00:00,60.55,60.62,60.5,60.61,0
2025-10-09 11:49:00+00:00,60.55,60.64,60.55,60.64,0
2025-10-09 11:50:00+00:00,60.54,60.57,60.5,60.5,0
2025-10-09 11:51:00+00:00,60.5,60.51,60.35,60.38,0
2025-10-09 11:52:00+00:00,60.4,60.45,60.36,60.45,0
2025-10-09 11:53:00+00:00,60.41,60.49,60.41,60.48,0
2025-10-09 11:54:00+00:00,60.47,60.5,60.39,60.45,0
2025-10-09 11:55:00+00:00,60.46,60.49,60.37,60.46,0
2025-10-09 11:56:00+00:00,60.4,60.45,60.3,60.31,0
2025-10-09 11:57:00+00:00,60.38,60.41,60.36,60.36,0
2025-10-09 11:58:00+00:00,60.35,60.43,60.2,60.27,0
2025-10-09 11:59:00+00:00,60.32,60.37,60.22,60.28,0
2025-10-09 12:00:00+00:00,59.75,61.0,57.44,60.28,0
2025-10-09 12:01:00+00:00,60.32,60.5,60.28,60.452,0
2025-10-09 12:02:00+00:00,60.7003,60.7003,57.56,60.42,0
2025-10-09 12:03:00+00:00,60.41,60.65,60.36,60.53,0
2025-10-09 12:04:00+00:00,60.57,60.6492,60.28,60.505,0
2025-10-09 12:05:00+00:00,60.6,60.6,60.38,60.48,0
2025-10-09 12:06:00+00:00,60.45,60.5,60.44,60.48,0
2025-10-09 12:07:00+00:00,60.5,60.6,60.4,60.6,0
2025-10-09 12:08:00+00:00,60.54,60.77,60.54,60.7,0
2025-10-09 12:09:00+00:00,60.71,60.81,60.6,60.8,0
2025-10-09 12:10:00+00:00,60.8,60.83,60.71,60.8,0
2025-10-09 12:11:00+00:00,60.76,60.83,60.75,60.799,0
2025-10-09 12:12:00+00:00,60.77,60.85,60.67,60.77,0
2025-10-09 12:13:00+00:00,60.75,60.85,60.75,60.81,0
2025-10-09 12:14:00+00:00,60.83,60.92,60.72,60.8,0
2025-10-09 12:15:00+00:00,60.7016,60.89,60.7,60.8,0
2025-10-09 12:16:00+00:00,60.8008,60.88,60.77,60.82,0
2025-10-09 12:17:00+00:00,60.8555,60.9,60.68,60.75,0
2025-10-09 12:18:00+00:00,60.75,60.85,60.6677,60.76,0
2025-10-09 12:19:00+00:00,60.7,60.8,60.7,60.8,0
2025-10-09 12:20:00+00:00,60.7881,60.87,60.7,60.87,0
2025-10-09 12:21:00+00:00,60.84,61.07,60.79,61.07,0
2025-10-09 12:22:00+00:00,61.1,61.25,61.05,61.15,0
2025-10-09 12:23:00+00:00,61.14,61.15,60.85,60.91,0
2025-10-09 12:24:00+00:00,60.95,61.0,60.85,60.9,0
2025-10-09 12:25:00+00:00,60.92,61.1,60.89,61.1,0
2025-10-09 12:26:00+00:00,61.0899,61.15,61.01,61.15,0
2025-10-09 12:27:00+00:00,61.0801,61.1,61.01,61.03,0
2025-10-09 12:28:00+00:00,61.045,61.1,61.0188,61.05,0
2025-10-09 12:29:00+00:00,61.05,61.07,60.99,61.0,0
2025-10-09 12:30:00+00:00,61.02,61.1,61.0,61.001,0
2025-10-09 12:31:00+00:00,61.0991,61.31,61.08,61.29,0
2025-10-09 12:32:00+00:00,61.25,61.31,61.05,61.15,0
2025-10-09 12:33:00+00:00,61.1,61.49,61.0,61.35,0
2025-10-09 12:34:00+00:00,61.37,61.37,61.19,61.25,0
2025-10-09 12:35:00+00:00,61.25,61.3618,61.18,61.18,0
2025-10-09 12:36:00+00:00,61.28,61.45,61.25,61.35,0
2025-10-09 12:37:00+00:00,61.35,61.44,61.31,61.42,0
2025-10-09 12:38:00+00:00,61.34,61.4,61.23,61.3,0
2025-10-09 12:39:00+00:00,61.3,61.4,61.3,61.39,0
2025-10-09 12:40:00+00:00,61.37,61.6,61.3,61.32,0
2025-10-09 12:41:00+00:00,61.43,61.57,61.32,61.57,0
2025-10-09 12:42:00+00:00,61.55,61.7,61.51,61.6401,0
2025-10-09 12:43:00+00:00,61.68,61.84,61.65,61.84,0
2025-10-09 12:44:00+00:00,61.84,61.84,61.75,61.79,0
2025-10-09 12:45:00+00:00,61.79,61.85,61.5,61.5,0
2025-10-09 12:46:00+00:00,61.43,61.74,61.31,61.53,0
2025-10-09 12:47:00+00:00,61.5,61.57,61.3,61.5,0
2025-10-09 12:48:00+00:00,61.313,61.57,61.313,61.47,0
2025-10-09 12:49:00+00:00,61.5082,61.78,61.49,61.78,0
2025-10-09 12:50:00+00:00,61.76,61.78,61.5,61.5894,0
2025-10-09 12:51:00+00:00,61.56,61.65,61.45,61.45,0
2025-10-09 12:52:00+00:00,61.42,61.5,61.35,61.47,0
2025-10-09 12:53:00+00:00,61.4414,61.64,61.36,61.64,0
2025-10-09 12:54:00+00:00,61.59,61.64,61.5,61.5,0
2025-10-09 12:55:00+00:00,61.6,61.6,61.51,61.51,0
2025-10-09 12:56:00+00:00,61.52,61.6,61.38,61.5,0
2025-10-09 12:57:00+00:00,61.43,61.55,61.35,61.55,0
2025-10-09 12:58:00+00:00,61.58,61.89,61.58,61.89,0
2025-10-09 12:59:00+00:00,61.89,61.99,61.765,61.99,0
2025-10-09 13:00:00+00:00,61.97,62.2,61.95,62.19,0
2025-10-09 13:01:00+00:00,62.15,62.2,62.0,62.02,0
2025-10-09 13:02:00+00:00,62.01,62.1,62.0,62.0,0
2025-10-09 13:03:00+00:00,62.0,62.05,61.99,62.04,0
2025-10-09 13:04:00+00:00,62.03,62.04,62.0,62.04,0
2025-10-09 13:05:00+00:00,62.04,62.04,61.96,62.01,0
2025-10-09 13:06:00+00:00,62.0298,62.03,61.8,61.92,0
2025-10-09 13:07:00+00:00,61.92,61.92,61.65,61.75,0
2025-10-09 13:08:00+00:00,61.76,61.8,61.65,61.75,0
2025-10-09 13:09:00+00:00,61.66,61.95,61.66,61.85,0
2025-10-09 13:10:00+00:00,61.8032,61.9,61.79,61.8101,0
2025-10-09 13:11:00+00:00,61.8484,61.98,61.7,61.8029,0
2025-10-09 13:12:00+00:00,61.74,61.81,61.65,61.71,0
2025-10-09 13:13:00+00:00,61.7,62.0,61.6,61.79,0
2025-10-09 13:14:00+00:00,61.8,61.8,61.5,61.64,0
2025-10-09 13:30:00+00:00,61.900001525878906,62.27000045776367,61.25,61.595001220703125,3333875
2025-10-09 13:31:00+00:00,61.68000030517578,61.70000076293945,60.599998474121094,60.84880065917969,641990
2025-10-09 13:32:00+00:00,60.82600021362305,61.290000915527344,60.619998931884766,60.79999923706055,407845
2025-10-09 13:33:00+00:00,60.79999923706055,61.150001525878906,60.70000076293945,60.90999984741211,334916
2025-10-09 13:34:00+00:00,60.88999938964844,60.95709991455078,60.400001525878906,60.709999084472656,357901
2025-10-09 13:35:00+00:00,60.720001220703125,61.189998626708984,60.52000045776367,60.61000061035156,363253
2025-10-09 13:36:00+00:00,60.62919998168945,61.15999984741211,60.52000045776367,61.095001220703125,222573
2025-10-09 13:37:00+00:00,61.10499954223633,61.209999084472656,60.88999938964844,61.01499938964844,122833
2025-10-09 13:38:00+00:00,60.97999954223633,61.27000045776367,60.92499923706055,61.074798583984375,212433
2025-10-09 13:39:00+00:00,61.073001861572266,61.18000030517578,60.52000045776367,60.72909927368164,348575
2025-10-09 13:40:00+00:00,60.70500183105469,60.83000183105469,60.5099983215332,60.68000030517578,243725
2025-10-09 13:41:00+00:00,60.65010070800781,61.01499938964844,60.4900016784668,60.91999816894531,186587
2025-10-09 13:42:00+00:00,60.9385986328125,61.099998474121094,60.75,60.77000045776367,133027
2025-10-09 13:43:00+00:00,60.760101318359375,60.94200134277344,60.70000076293945,60.78499984741211,68287
2025-10-09 13:44:00+00:00,60.81999969482422,60.880001068115234,60.70000076293945,60.722999572753906,63662
2025-10-09 13:45:00+00:00,60.709999084472656,60.970001220703125,60.630001068115234,60.70000076293945,88332
2025-10-09 13:46:00+00:00,60.72999954223633,60.900001525878906,60.65999984741211,60.72999954223633,117247
2025-10-09 13:47:00+00:00,60.709999084472656,60.7400016784668,60.5,60.68000030517578,110029
2025-10-09 13:48:00+00:00,60.68000030517578,60.93000030517578,60.660499572753906,60.78499984741211,101524
2025-10-09 13:49:00+00:00,60.83000183105469,60.86000061035156,60.630001068115234,60.779998779296875,61944
2025-10-09 13:50:00+00:00,60.762001037597656,60.9900016784668,60.66999816894531,60.9900016784668,108161
2025-10-09 13:51:00+00:00,60.97600173950195,61.29999923706055,60.904998779296875,61.040199279785156,214081
2025-10-09 13:52:00+00:00,61.040000915527344,61.161598205566406,60.90999984741211,60.935001373291016,94337
2025-10-09 13:53:00+00:00,60.939998626708984,61.150001525878906,60.7599983215332,61.130001068115234,107893
2025-10-09 13:54:00+00:00,61.14500045776367,61.279998779296875,61.029998779296875,61.084999084472656,138674
2025-10-09 13:55:00+00:00,61.09000015258789,61.130001068115234,60.86009979248047,60.915000915527344,74976
2025-10-09 13:56:00+00:00,60.915000915527344,61.2599983215332,60.900001525878906,61.220001220703125,123121
2025-10-09 13:57:00+00:00,61.21500015258789,61.369998931884766,61.16999816894531,61.352699279785156,100843
2025-10-09 13:58:00+00:00,61.349998474121094,61.459999084472656,61.060001373291016,61.09000015258789,156769
2025-10-09 13:59:00+00:00,61.078800201416016,61.08000183105469,60.93000030517578,61.0099983215332,115641
2025-10-09 14:00:00+00:00,61.005001068115234,61.029998779296875,60.70000076293945,60.73500061035156,165440
2025-10-09 14:01:00+00:00,60.724998474121094,60.9385986328125,60.690399169921875,60.86320114135742,138935
2025-10-09 14:02:00+00:00,60.86000061035156,61.15999984741211,60.689998626708984,61.119998931884766,100478
2025-10-09 14:03:00+00:00,61.150001525878906,61.16429901123047,60.91550064086914,61.02000045776367,92712
2025-10-09 14:04:00+00:00,61.0099983215332,61.02000045776367,60.86000061035156,60.9900016784668,89688
2025-10-09 14:05:00+00:00,61.0,61.0,60.709999084472656,60.744998931884766,67340
2025-10-09 14:06:00+00:00,60.744998931884766,60.939998626708984,60.70000076293945,60.86759948730469,80794
2025-10-09 14:07:00+00:00,60.88855743408203,61.029998779296875,60.81999969482422,60.84000015258789,112557
2025-10-09 14:08:00+00:00,60.81999969482422,60.83359909057617,60.52000045776367,60.529998779296875,125564
2025-10-09 14:09:00+00:00,60.54999923706055,60.61000061035156,60.31999969482422,60.334999084472656,181982
2025-10-09 14:10:00+00:00,60.31999969482422,60.4900016784668,60.19499969482422,60.3650016784668,198774
2025-10-09 14:11:00+00:00,60.380001068115234,60.470001220703125,60.369998931884766,60.400001525878906,94775
2025-10-09 14:12:00+00:00,60.419898986816406,60.58000183105469,60.404998779296875,60.470001220703125,128709
2025-10-09 14:13:00+00:00,60.47999954223633,60.525001525878906,60.349998474121094,60.459999084472656,102863
2025-10-09 14:14:00+00:00,60.439998626708984,60.5,60.099998474121094,60.27320098876953,129154
2025-10-09 14:15:00+00:00,60.25170135498047,60.400001525878906,60.2052001953125,60.2599983215332,117512
2025-10-09 14:16:00+00:00,60.27280044555664,60.29999923706055,60.099998474121094,60.099998474121094,75053
2025-10-09 14:17:00+00:00,60.099998474121094,60.20000076293945,60.040000915527344,60.099998474121094,122403
2025-10-09 14:18:00+00:00,60.09000015258789,60.27000045776367,59.93000030517578,60.2400016784668,344243
2025-10-09 14:19:00+00:00,60.22999954223633,60.27000045776367,60.150001525878906,60.20000076293945,106043
2025-10-09 14:20:00+00:00,60.15999984741211,60.1890983581543,59.90999984741211,59.944698333740234,345087
2025-10-09 14:21:00+00:00,59.95000076293945,59.9900016784668,59.72999954223633,59.775001525878906,167336
2025-10-09 14:22:00+00:00,59.77159881591797,59.814998626708984,59.709999084472656,59.78499984741211,90186
2025-10-09 14:23:00+00:00,59.790000915527344,59.790000915527344,59.38999938964844,59.400001525878906,177061
2025-10-09 14:24:00+00:00,59.38999938964844,59.459999084472656,59.279998779296875,59.32630157470703,146141
2025-10-09 14:25:00+00:00,59.3213005065918,59.34939956665039,59.12009811401367,59.18000030517578,135010
2025-10-09 14:26:00+00:00,59.17409896850586,59.279998779296875,59.029998779296875,59.06999969482422,116229
2025-10-09 14:27:00+00:00,59.09000015258789,59.209999084472656,58.94029998779297,59.029998779296875,229094
2025-10-09 14:28:00+00:00,59.04999923706055,59.40999984741211,59.04999923706055,59.36000061035156,209638
2025-10-09 14:29:00+00:00,59.36000061035156,59.38999938964844,59.24039840698242,59.279998779296875,59110
2025-10-09 14:30:00+00:00,59.290000915527344,59.51959991455078,59.268699645996094,59.400001525878906,118839
2025-10-09 14:31:00+00:00,59.419898986816406,59.470001220703125,59.334999084472656,59.400001525878906,67736
2025-10-09 14:32:00+00:00,59.38999938964844,59.40999984741211,59.279998779296875,59.375,60851
2025-10-09 14:33:00+00:00,59.38090133666992,59.439998626708984,59.12009811401367,59.2400016784668,84695
2025-10-09 14:34:00+00:00,59.244998931884766,59.61000061035156,59.17620086669922,59.58000183105469,94167
2025-10-09 14:35:00+00:00,59.58000183105469,59.73429870605469,59.558998107910156,59.70000076293945,91028
2025-10-09 14:36:00+00:00,59.720001220703125,60.109901428222656,59.68009948730469,60.06760025024414,224347
2025-10-09 14:37:00+00:00,60.050899505615234,60.13999938964844,59.92250061035156,60.10900115966797,129381
2025-10-09 14:38:00+00:00,60.099998474121094,60.220001220703125,60.04999923706055,60.150001525878906,148137
2025-10-09 14:39:00+00:00,60.13029861450195,60.15480041503906,59.959999084472656,59.959999084472656,86142
2025-10-09 14:40:00+00:00,59.97999954223633,60.099998474121094,59.84000015258789,59.98360061645508,117148
2025-10-09 14:41:00+00:00,59.970001220703125,59.98350143432617,59.880001068115234,59.974998474121094,54849
2025-10-09 14:42:00+00:00,59.970001220703125,60.06999969482422,59.970001220703125,60.040000915527344,48815
2025-10-09 14:43:00+00:00,60.040000915527344,60.08000183105469,59.95000076293945,59.98500061035156,36994
2025-10-09 14:44:00+00:00,59.98500061035156,60.03499984741211,59.93000030517578,60.0,19486
2025-10-09 14:45:00+00:00,60.0,60.0,59.75170135498047,59.87160110473633,52852
2025-10-09 14:46:00+00:00,59.875,59.883201599121094,59.779998779296875,59.81999969482422,31181
2025-10-09 14:47:00+00:00,59.81999969482422,59.83000183105469,59.689998626708984,59.7400016784668,35232
2025-10-09 14:48:00+00:00,59.73500061035156,59.880001068115234,59.70000076293945,59.86000061035156,32179
2025-10-09 14:49:00+00:00,59.869998931884766,60.06880187988281,59.832149505615234,60.02000045776367,48927
2025-10-09 14:50:00+00:00,60.029998779296875,60.27000045776367,59.9900016784668,60.161399841308594,63686
2025-10-09 14:51:00+00:00,60.18000030517578,60.22999954223633,60.14459991455078,60.224998474121094,55227
2025-10-09 14:52:00+00:00,60.22999954223633,60.22999954223633,60.04999923706055,60.09000015258789,53308
2025-10-09 14:53:00+00:00,60.099998474121094,60.14550018310547,60.029998779296875,60.04999923706055,32799
2025-10-09 14:54:00+00:00,60.05799865722656,60.209999084472656,60.05799865722656,60.16510009765625,23612
2025-10-09 14:55:00+00:00,60.165000915527344,60.24129867553711,60.099998474121094,60.165000915527344,45106
2025-10-09 14:56:00+00:00,60.150001525878906,60.2400016784668,60.09000015258789,60.2400016784668,19619
2025-10-09 14:57:00+00:00,60.236000061035156,60.40999984741211,60.22999954223633,60.310001373291016,69167
2025-10-09 14:58:00+00:00,60.30500030517578,60.314998626708984,60.22549819946289,60.2599983215332,28448
2025-10-09 14:59:00+00:00,60.2400016784668,60.27000045776367,60.124000549316406,60.25,42424
2025-10-09 15:00:00+00:00,60.25,60.29999923706055,60.21500015258789,60.21500015258789,41746
2025-10-09 15:01:00+00:00,60.220001220703125,60.25,60.189998626708984,60.241600036621094,43959
2025-10-09 15:02:00+00:00,60.25,60.34000015258789,60.25,60.32500076293945,34214
2025-10-09 15:03:00+00:00,60.33000183105469,60.33000183105469,60.220001220703125,60.2599983215332,32293
2025-10-09 15:04:00+00:00,60.27690124511719,60.290000915527344,60.165000915527344,60.20000076293945,43516
2025-10-09 15:05:00+00:00,60.209999084472656,60.220001220703125,60.06019973754883,60.150001525878906,33357
2025-10-09 15:06:00+00:00,60.150001525878906,60.279998779296875,60.08000183105469,60.279998779296875,39382
2025-10-09 15:07:00+00:00,60.2599983215332,60.26499938964844,60.12540054321289,60.150001525878906,40642
2025-10-09 15:08:00+00:00,60.13999938964844,60.33000183105469,60.13999938964844,60.2588005065918,26141
2025-10-09 15:09:00+00:00,60.2599983215332,60.290000915527344,60.099998474121094,60.130001068115234,29623
2025-10-09 15:10:00+00:00,60.13999938964844,60.149898529052734,59.94060134887695,60.08649826049805,51681
2025-10-09 15:11:00+00:00,60.08300018310547,60.189998626708984,59.84000015258789,59.86000061035156,60946
2025-10-09 15:12:00+00:00,59.869998931884766,59.97999954223633,59.810001373291016,59.970001220703125,58289
2025-10-09 15:13:00+00:00,59.95000076293945,60.02000045776367,59.88999938964844,59.959999084472656,70333
2025-10-09 15:14:00+00:00,59.959999084472656,60.0099983215332,59.93000030517578,59.970001220703125,49526
2025-10-09 15:15:00+00:00,59.994998931884766,60.005001068115234,59.939998626708984,59.97999954223633,41754
2025-10-09 15:16:00+00:00,59.994998931884766,60.0099983215332,59.81999969482422,59.834999084472656,50263
2025-10-09 15:17:00+00:00,59.845001220703125,59.93000030517578,59.81999969482422,59.93000030517578,37449
2025-10-09 15:18:00+00:00,59.93000030517578,59.95000076293945,59.73099899291992,59.77000045776367,62247
2025-10-09 15:19:00+00:00,59.779998779296875,59.84000015258789,59.70009994506836,59.71500015258789,46227
2025-10-09 15:20:00+00:00,59.729698181152344,59.80500030517578,59.66999816894531,59.7400016784668,49730
2025-10-09 15:21:00+00:00,59.7400016784668,59.779998779296875,59.58570098876953,59.630001068115234,33368
2025-10-09 15:22:00+00:00,59.630001068115234,59.71989822387695,59.59000015258789,59.709999084472656,45390
2025-10-09 15:23:00+00:00,59.70000076293945,59.797401428222656,59.63999938964844,59.650001525878906,30406
2025-10-09 15:24:00+00:00,59.647300720214844,59.75,59.630001068115234,59.75,59497
2025-10-09 15:25:00+00:00,59.7400016784668,59.849998474121094,59.7400016784668,59.81999969482422,23932
2025-10-09 15:26:00+00:00,59.84000015258789,59.98500061035156,59.83000183105469,59.90999984741211,48636
2025-10-09 15:27:00+00:00,59.93000030517578,59.93000030517578,59.84000015258789,59.880001068115234,19552
2025-10-09 15:28:00+00:00,59.900001525878906,59.959999084472656,59.849998474121094,59.880001068115234,28528
2025-10-09 15:29:00+00:00,59.875,59.96500015258789,59.875,59.939998626708984,24962
2025-10-09 15:30:00+00:00,59.93000030517578,59.939998626708984,59.81999969482422,59.834999084472656,34331
2025-10-09 15:31:00+00:00,59.834999084472656,59.90999984741211,59.70000076293945,59.749900817871094,82236
2025-10-09 15:32:00+00:00,59.7400016784668,59.93000030517578,59.73609924316406,59.77000045776367,54056
2025-10-09 15:33:00+00:00,59.7510986328125,59.78499984741211,59.685001373291016,59.779998779296875,72386
2025-10-09 15:34:00+00:00,59.7400016784668,59.79029846191406,59.689998626708984,59.70750045776367,47811
2025-10-09 15:35:00+00:00,59.71500015258789,59.75,59.630001068115234,59.665000915527344,47596
2025-10-09 15:36:00+00:00,59.665000915527344,59.7599983215332,59.65999984741211,59.72999954223633,50931
2025-10-09 15:37:00+00:00,59.72999954223633,59.85499954223633,59.72700119018555,59.790000915527344,26062
2025-10-09 15:38:00+00:00,59.7599983215332,59.880001068115234,59.75,59.849998474121094,29935
2025-10-09 15:39:00+00:00,59.849998474121094,59.869998931884766,59.72999954223633,59.7599983215332,50689
2025-10-09 15:40:00+00:00,59.7599983215332,59.801998138427734,59.70000076293945,59.70500183105469,58516
2025-10-09 15:41:00+00:00,59.71500015258789,59.900001525878906,59.71500015258789,59.900001525878906,38166
2025-10-09 15:42:00+00:00,59.88010025024414,59.90999984741211,59.845001220703125,59.880001068115234,26395
2025-10-09 15:43:00+00:00,59.8650016784668,59.93989944458008,59.82500076293945,59.82500076293945,46298
2025-10-09 15:44:00+00:00,59.84000015258789,59.86000061035156,59.79999923706055,59.82500076293945,37370
2025-10-09 15:45:00+00:00,59.810001373291016,59.875,59.790000915527344,59.81999969482422,49120
2025-10-09 15:46:00+00:00,59.83000183105469,59.869998931884766,59.77000045776367,59.84000015258789,58438
2025-10-09 15:47:00+00:00,59.84000015258789,59.939998626708984,59.83000183105469,59.915000915527344,36660
2025-10-09 15:48:00+00:00,59.900001525878906,60.10499954223633,59.875,60.08000183105469,68155
2025-10-09 15:49:00+00:00,60.099998474121094,60.11000061035156,59.97010040283203,59.974998474121094,40187
2025-10-09 15:50:00+00:00,59.970001220703125,60.029998779296875,59.94499969482422,60.0099983215332,20707
2025-10-09 15:51:00+00:00,60.02000045776367,60.04999923706055,59.93000030517578,59.970001220703125,32483
2025-10-09 15:52:00+00:00,59.97999954223633,60.02000045776367,59.974998474121094,59.994998931884766,16007
2025-10-09 15:53:00+00:00,59.997501373291016,60.01750183105469,59.95399856567383,59.970001220703125,24768
2025-10-09 15:54:00+00:00,59.959999084472656,60.02000045776367,59.95000076293945,59.97999954223633,25639
2025-10-09 15:55:00+00:00,59.97999954223633,60.0,59.88999938964844,59.97999954223633,53482
2025-10-09 15:56:00+00:00,59.97999954223633,60.02130126953125,59.94499969482422,60.0099983215332,46187
2025-10-09 15:57:00+00:00,60.0099983215332,60.040000915527344,59.95500183105469,60.02000045776367,29211
2025-10-09 15:58:00+00:00,60.029998779296875,60.04999923706055,60.0,60.040000915527344,16058
2025-10-09 15:59:00+00:00,60.04990005493164,60.04990005493164,59.95000076293945,59.96500015258789,30902
2025-10-09 16:00:00+00:00,59.96500015258789,59.9900016784668,59.92499923706055,59.939998626708984,28772
2025-10-09 16:01:00+00:00,59.939998626708984,60.02000045776367,59.939998626708984,59.9900016784668,29176
2025-10-09 16:02:00+00:00,59.9900016784668,59.99100112915039,59.95000076293945,59.959999084472656,45142
2025-10-09 16:03:00+00:00,59.95000076293945,59.95000076293945,59.650001525878906,59.68000030517578,65762
2025-10-09 16:04:00+00:00,59.66999816894531,59.810001373291016,59.65999984741211,59.810001373291016,50753
2025-10-09 16:05:00+00:00,59.810001373291016,59.90999984741211,59.79999923706055,59.880001068115234,35353
2025-10-09 16:06:00+00:00,59.869998931884766,59.869998931884766,59.779998779296875,59.790000915527344,42538
2025-10-09 16:07:00+00:00,59.77000045776367,59.790000915527344,59.660301208496094,59.66999816894531,46038
2025-10-09 16:08:00+00:00,59.66999816894531,59.7599983215332,59.64799880981445,59.755001068115234,50838
2025-10-09 16:09:00+00:00,59.77000045776367,59.875,59.7599983215332,59.790000915527344,38126
2025-10-09 16:10:00+00:00,59.790000915527344,59.80500030517578,59.72999954223633,59.77000045776367,16545
2025-10-09 16:11:00+00:00,59.77000045776367,59.83000183105469,59.75,59.75749969482422,24537
2025-10-09 16:12:00+00:00,59.76499938964844,59.779998779296875,59.43000030517578,59.470001220703125,64554
2025-10-09 16:13:00+00:00,59.459999084472656,59.57490158081055,59.459999084472656,59.5,65076
2025-10-09 16:14:00+00:00,59.51499938964844,59.61000061035156,59.47999954223633,59.55500030517578,65990
2025-10-09 16:15:00+00:00,59.54999923706055,59.560001373291016,59.48500061035156,59.50360107421875,66537
2025-10-09 16:16:00+00:00,59.5,59.54999923706055,59.4900016784668,59.529998779296875,64984
2025-10-09 16:17:00+00:00,59.529998779296875,59.58000183105469,59.52000045776367,59.58000183105469,32386
2025-10-09 16:18:00+00:00,59.59000015258789,59.70000076293945,59.58000183105469,59.70000076293945,48356
2025-10-09 16:19:00+00:00,59.689998626708984,59.73500061035156,59.56119918823242,59.56119918823242,63964
2025-10-09 16:20:00+00:00,59.57500076293945,59.599998474121094,59.53499984741211,59.57500076293945,25197
2025-10-09 16:21:00+00:00,59.57500076293945,59.58789825439453,59.52000045776367,59.58100128173828,24780
2025-10-09 16:22:00+00:00,59.58000183105469,59.59000015258789,59.54999923706055,59.58000183105469,21935
2025-10-09 16:23:00+00:00,59.59000015258789,59.71989822387695,59.584999084472656,59.68000030517578,36190
2025-10-09 16:24:00+00:00,59.67179870605469,59.685001373291016,59.63999938964844,59.65999984741211,40300
2025-10-09 16:25:00+00:00,59.65999984741211,59.68000030517578,59.630001068115234,59.63999938964844,20197
2025-10-09 16:26:00+00:00,59.619998931884766,59.654998779296875,59.59000015258789,59.654998779296875,28316
2025-10-09 16:27:00+00:00,59.650001525878906,59.68000030517578,59.6349983215332,59.6702995300293,16298
2025-10-09 16:28:00+00:00,59.68000030517578,59.70000076293945,59.650001525878906,59.689998626708984,17247
2025-10-09 16:29:00+00:00,59.70000076293945,59.70000076293945,59.59000015258789,59.619998931884766,45375
2025-10-09 16:30:00+00:00,59.61000061035156,59.66999816894531,59.560001373291016,59.584999084472656,68557
2025-10-09 16:31:00+00:00,59.58000183105469,59.619998931884766,59.36000061035156,59.38999938964844,45022
2025-10-09 16:32:00+00:00,59.38999938964844,59.400001525878906,59.220001220703125,59.244998931884766,50299
2025-10-09 16:33:00+00:00,59.2400016784668,59.48979949951172,59.22999954223633,59.45000076293945,57189
2025-10-09 16:34:00+00:00,59.43000030517578,59.5,59.400001525878906,59.435001373291016,62428
2025-10-09 16:35:00+00:00,59.45000076293945,59.5099983215332,59.43000030517578,59.47010040283203,29758
2025-10-09 16:36:00+00:00,59.4900016784668,59.5,59.41999816894531,59.470001220703125,14676
2025-10-09 16:37:00+00:00,59.47999954223633,59.56990051269531,59.47999954223633,59.540000915527344,28914
2025-10-09 16:38:00+00:00,59.525001525878906,59.60070037841797,59.47999954223633,59.60070037841797,27358
2025-10-09 16:39:00+00:00,59.59000015258789,59.59000015258789,59.529998779296875,59.55830001831055,19050
2025-10-09 16:40:00+00:00,59.58000183105469,59.58000183105469,59.4833984375,59.5,25097
2025-10-09 16:41:00+00:00,59.5099983215332,59.54990005493164,59.45000076293945,59.4734992980957,17540
2025-10-09 16:42:00+00:00,59.467498779296875,59.47999954223633,59.33000183105469,59.33000183105469,47340
2025-10-09 16:43:00+00:00,59.349998474121094,59.439998626708984,59.33000183105469,59.439998626708984,21205
2025-10-09 16:44:00+00:00,59.41999816894531,59.45000076293945,59.369998931884766,59.40999984741211,25175
2025-10-09 16:45:00+00:00,59.40999984741211,59.4900016784668,59.40999984741211,59.474998474121094,12427
2025-10-09 16:46:00+00:00,59.4900016784668,59.5099983215332,59.459999084472656,59.499698638916016,17050
2025-10-09 16:47:00+00:00,59.5,59.5099983215332,59.439998626708984,59.470001220703125,15064
2025-10-09 16:48:00+00:00,59.470001220703125,59.665000915527344,59.459999084472656,59.665000915527344,28191
2025-10-09 16:49:00+00:00,59.665000915527344,59.7400016784668,59.62089920043945,59.630001068115234,42832
2025-10-09 16:50:00+00:00,59.630001068115234,59.66999816894531,59.630001068115234,59.650001525878906,21078
2025-10-09 16:51:00+00:00,59.65999984741211,59.689998626708984,59.63999938964844,59.66999816894531,12196
2025-10-09 16:52:00+00:00,59.65999984741211,59.709999084472656,59.650001525878906,59.653499603271484,19705
2025-10-09 16:53:00+00:00,59.66130065917969,59.779998779296875,59.65999984741211,59.75,25718
2025-10-09 16:54:00+00:00,59.7599983215332,59.77000045776367,59.709999084472656,59.72999954223633,14452
2025-10-09 16:55:00+00:00,59.72999954223633,59.7400016784668,59.640201568603516,59.640201568603516,18666
2025-10-09 16:56:00+00:00,59.650001525878906,59.689998626708984,59.640098571777344,59.687599182128906,25949
2025-10-09 16:57:00+00:00,59.689998626708984,59.689998626708984,59.64120101928711,59.650001525878906,18714
2025-10-09 16:58:00+00:00,59.650001525878906,59.665000915527344,59.58649826049805,59.630001068115234,20940
2025-10-09 16:59:00+00:00,59.630001068115234,59.689998626708984,59.630001068115234,59.630001068115234,17278
2025-10-09 17:00:00+00:00,59.630001068115234,59.665000915527344,59.599998474121094,59.65999984741211,16739
2025-10-09 17:01:00+00:00,59.65999984741211,59.65999984741211,59.529998779296875,59.58000183105469,35760
2025-10-09 17:02:00+00:00,59.58000183105469,59.63999938964844,59.4900016784668,59.5099983215332,18749
2025-10-09 17:03:00+00:00,59.500301361083984,59.59299850463867,59.500301361083984,59.58000183105469,17141
2025-10-09 17:04:00+00:00,59.56999969482422,59.599998474121094,59.540000915527344,59.599998474121094,16243
2025-10-09 17:05:00+00:00,59.59000015258789,59.61000061035156,59.540000915527344,59.540000915527344,19680
2025-10-09 17:06:00+00:00,59.529998779296875,59.57500076293945,59.4900016784668,59.529998779296875,21678
2025-10-09 17:07:00+00:00,59.540000915527344,59.59000015258789,59.52470016479492,59.58000183105469,11660
2025-10-09 17:08:00+00:00,59.56999969482422,59.6349983215332,59.54999923706055,59.6349983215332,20690
2025-10-09 17:09:00+00:00,59.63999938964844,59.689998626708984,59.61000061035156,59.61000061035156,30052
2025-10-09 17:10:00+00:00,59.61000061035156,59.61000061035156,59.4900016784668,59.52000045776367,27086
2025-10-09 17:11:00+00:00,59.5099983215332,59.5099983215332,59.470001220703125,59.474998474121094,30548
2025-10-09 17:12:00+00:00,59.459999084472656,59.52000045776367,59.459999084472656,59.52000045776367,12583
2025-10-09 17:13:00+00:00,59.52000045776367,59.63999938964844,59.5099983215332,59.59000015258789,45675
2025-10-09 17:14:00+00:00,59.59000015258789,59.70000076293945,59.59000015258789,59.70000076293945,24331
2025-10-09 17:15:00+00:00,59.709999084472656,59.77000045776367,59.70000076293945,59.720001220703125,32201
2025-10-09 17:16:00+00:00,59.720001220703125,59.72999954223633,59.63999938964844,59.63999938964844,29069
2025-10-09 17:17:00+00:00,59.64500045776367,59.64500045776367,59.529998779296875,59.529998779296875,19329
2025-10-09 17:18:00+00:00,59.529998779296875,59.529998779296875,59.43000030517578,59.474998474121094,24016
2025-10-09 17:19:00+00:00,59.459999084472656,59.470001220703125,59.34000015258789,59.459999084472656,38820
2025-10-09 17:20:00+00:00,59.459999084472656,59.619998931884766,59.439998626708984,59.61000061035156,34583
2025-10-09 17:21:00+00:00,59.6150016784668,59.619998931884766,59.529998779296875,59.540000915527344,14455
2025-10-09 17:22:00+00:00,59.53499984741211,59.56999969482422,59.5099983215332,59.52619934082031,11273
2025-10-09 17:23:00+00:00,59.525001525878906,59.560001373291016,59.52000045776367,59.529998779296875,13456
2025-10-09 17:24:00+00:00,59.54499816894531,59.58000183105469,59.48500061035156,59.48500061035156,19836
2025-10-09 17:25:00+00:00,59.47999954223633,59.52000045776367,59.470001220703125,59.505001068115234,13338
2025-10-09 17:26:00+00:00,59.514801025390625,59.540000915527344,59.5099983215332,59.51499938964844,14061
2025-10-09 17:27:00+00:00,59.51499938964844,59.54999923706055,59.5,59.525001525878906,17169
2025-10-09 17:28:00+00:00,59.525001525878906,59.525001525878906,59.459999084472656,59.52000045776367,26667
2025-10-09 17:29:00+00:00,59.529998779296875,59.529998779296875,59.44200134277344,59.525001525878906,12022
2025-10-09 17:30:00+00:00,59.529998779296875,59.58000183105469,59.5099983215332,59.58000183105469,18902
2025-10-09 17:31:00+00:00,59.584999084472656,59.60499954223633,59.52000045776367,59.52000045776367,15910
2025-10-09 17:32:00+00:00,59.5099983215332,59.619998931884766,59.4900016784668,59.6150016784668,18134
2025-10-09 17:33:00+00:00,59.630001068115234,59.7400016784668,59.619998931884766,59.720001220703125,28144
2025-10-09 17:34:00+00:00,59.72999954223633,59.90999984741211,59.71009826660156,59.900001525878906,56414
2025-10-09 17:35:00+00:00,59.88999938964844,59.88999938964844,59.814998626708984,59.862998962402344,25114
2025-10-09 17:36:00+00:00,59.849998474121094,59.86000061035156,59.79999923706055,59.814998626708984,13072
2025-10-09 17:37:00+00:00,59.814998626708984,59.84980010986328,59.79999923706055,59.80500030517578,20445
2025-10-09 17:38:00+00:00,59.81639862060547,59.81639862060547,59.7400016784668,59.7400016784668,37916
2025-10-09 17:39:00+00:00,59.720001220703125,59.724998474121094,59.61000061035156,59.61000061035156,51110
2025-10-09 17:40:00+00:00,59.619998931884766,59.790000915527344,59.61000061035156,59.689998626708984,32978
2025-10-09 17:41:00+00:00,59.68000030517578,59.71500015258789,59.65999984741211,59.709999084472656,22627
2025-10-09 17:42:00+00:00,59.71500015258789,59.71500015258789,59.584999084472656,59.63629913330078,18418
2025-10-09 17:43:00+00:00,59.63999938964844,59.650001525878906,59.61000061035156,59.63999938964844,12663
2025-10-09 17:44:00+00:00,59.63010025024414,59.65999984741211,59.625,59.654998779296875,14234
2025-10-09 17:45:00+00:00,59.66999816894531,59.689998626708984,59.630001068115234,59.630001068115234,14773
2025-10-09 17:46:00+00:00,59.625,59.63999938964844,59.599998474121094,59.63999938964844,12980
2025-10-09 17:47:00+00:00,59.63999938964844,59.64500045776367,59.59000015258789,59.61000061035156,16537
2025-10-09 17:48:00+00:00,59.599998474121094,59.63999938964844,59.58000183105469,59.63249969482422,23497
2025-10-09 17:49:00+00:00,59.630001068115234,59.6349983215332,59.584999084472656,59.63100051879883,18130
2025-10-09 17:50:00+00:00,59.630001068115234,59.689998626708984,59.59000015258789,59.65700149536133,27897
2025-10-09 17:51:00+00:00,59.65999984741211,59.77000045776367,59.61000061035156,59.7400016784668,33030
2025-10-09 17:52:00+00:00,59.75,59.7599983215332,59.70000076293945,59.720001220703125,37875
2025-10-09 17:53:00+00:00,59.724998474121094,59.77000045776367,59.709999084472656,59.710201263427734,26088
2025-10-09 17:54:00+00:00,59.720001220703125,59.79999923706055,59.709999084472656,59.77000045776367,29222
2025-10-09 17:55:00+00:00,59.775001525878906,59.91999816894531,59.775001525878906,59.900001525878906,31113
2025-10-09 17:56:00+00:00,59.904998779296875,59.939998626708984,59.88999938964844,59.93000030517578,33578
2025-10-09 17:57:00+00:00,59.939998626708984,59.959999084472656,59.88999938964844,59.959999084472656,28986
2025-10-09 17:58:00+00:00,59.959999084472656,60.0,59.939998626708984,59.9900016784668,35245
2025-10-09 17:59:00+00:00,59.9900016784668,59.995601654052734,59.91999816894531,59.959999084472656,28190
2025-10-09 18:00:00+00:00,59.95000076293945,60.04999923706055,59.93000030517578,60.0099983215332,55995
2025-10-09 18:01:00+00:00,60.0,60.02000045776367,59.79999923706055,59.814998626708984,46595
2025-10-09 18:02:00+00:00,59.79999923706055,59.900001525878906,59.77000045776367,59.89500045776367,49982
2025-10-09 18:03:00+00:00,59.877498626708984,60.0,59.877498626708984,59.97999954223633,22151
2025-10-09 18:04:00+00:00,59.970001220703125,59.98749923706055,59.95000076293945,59.959999084472656,17554
2025-10-09 18:05:00+00:00,59.95000076293945,59.974998474121094,59.90010070800781,59.95500183105469,24278
2025-10-09 18:06:00+00:00,59.970001220703125,60.0,59.970001220703125,59.970001220703125,20555
2025-10-09 18:07:00+00:00,59.97999954223633,59.97999954223633,59.91999816894531,59.959999084472656,15800
2025-10-09 18:08:00+00:00,59.959999084472656,59.970001220703125,59.90999984741211,59.91999816894531,16987
2025-10-09 18:09:00+00:00,59.91999816894531,59.95000076293945,59.900001525878906,59.95000076293945,11612
2025-10-09 18:10:00+00:00,59.95500183105469,59.97999954223633,59.93000030517578,59.97999954223633,19402
2025-10-09 18:11:00+00:00,59.9807014465332,60.08000183105469,59.95000076293945,60.06999969482422,70180
2025-10-09 18:12:00+00:00,60.06330108642578,60.15999984741211,60.060001373291016,60.09000015258789,78781
2025-10-09 18:13:00+00:00,60.09000015258789,60.13930130004883,60.0099983215332,60.03969955444336,54241
2025-10-09 18:14:00+00:00,60.02000045776367,60.04999923706055,59.9900016784668,60.025001525878906,52261
2025-10-09 18:15:00+00:00,60.029998779296875,60.06999969482422,59.959999084472656,60.02000045776367,43841
2025-10-09 18:16:00+00:00,60.01499938964844,60.04999923706055,60.0,60.029998779296875,43618
2025-10-09 18:17:00+00:00,60.025001525878906,60.1156005859375,60.0,60.06999969482422,79666
2025-10-09 18:18:00+00:00,60.064998626708984,60.1150016784668,60.02450180053711,60.11000061035156,34234
2025-10-09 18:19:00+00:00,60.099998474121094,60.119998931884766,60.07500076293945,60.07500076293945,17873
2025-10-09 18:20:00+00:00,60.07500076293945,60.119998931884766,60.02000045776367,60.05590057373047,25457
2025-10-09 18:21:00+00:00,60.04999923706055,60.084999084472656,59.959999084472656,59.9900016784668,39810
2025-10-09 18:22:00+00:00,60.0,60.02000045776367,59.97999954223633,60.0,30470
2025-10-09 18:23:00+00:00,60.0099983215332,60.0099983215332,59.93000030517578,59.95000076293945,25252
2025-10-09 18:24:00+00:00,59.948699951171875,59.9900016784668,59.90999984741211,59.93000030517578,26924
2025-10-09 18:25:00+00:00,59.93000030517578,59.93000030517578,59.869998931884766,59.88999938964844,21350
2025-10-09 18:26:00+00:00,59.880001068115234,59.88840103149414,59.84000015258789,59.849998474121094,25427
2025-10-09 18:27:00+00:00,59.849998474121094,59.900001525878906,59.84000015258789,59.869998931884766,17759
2025-10-09 18:28:00+00:00,59.86000061035156,59.869998931884766,59.82500076293945,59.845001220703125,18319
2025-10-09 18:29:00+00:00,59.84000015258789,59.90999984741211,59.84000015258789,59.88999938964844,25739
2025-10-09 18:30:00+00:00,59.895599365234375,59.895599365234375,59.720001220703125,59.72999954223633,50462
2025-10-09 18:31:00+00:00,59.75,59.81549835205078,59.7400016784668,59.80500030517578,29324
2025-10-09 18:32:00+00:00,59.810001373291016,59.81930160522461,59.779998779296875,59.80500030517578,16080
2025-10-09 18:33:00+00:00,59.80500030517578,59.8650016784668,59.79999923706055,59.82500076293945,26415
2025-10-09 18:34:00+00:00,59.81999969482422,59.86000061035156,59.810001373291016,59.849998474121094,23071
2025-10-09 18:35:00+00:00,59.845001220703125,59.900001525878906,59.84000015258789,59.900001525878906,21262
2025-10-09 18:36:00+00:00,59.89500045776367,59.929901123046875,59.84000015258789,59.85499954223633,33244
2025-10-09 18:37:00+00:00,59.849998474121094,59.8650016784668,59.81999969482422,59.83000183105469,32647
2025-10-09 18:38:00+00:00,59.84000015258789,59.84000015258789,59.7599983215332,59.775001525878906,16638
2025-10-09 18:39:00+00:00,59.77000045776367,59.849998474121094,59.7401008605957,59.81010055541992,32203
2025-10-09 18:40:00+00:00,59.81999969482422,59.86000061035156,59.79999923706055,59.86000061035156,17506
2025-10-09 18:41:00+00:00,59.869998931884766,59.87990188598633,59.849998474121094,59.87990188598633,16633
2025-10-09 18:42:00+00:00,59.880001068115234,59.979698181152344,59.85499954223633,59.970001220703125,24303
2025-10-09 18:43:00+00:00,59.970001220703125,60.0,59.900001525878906,59.98500061035156,94813
2025-10-09 18:44:00+00:00,59.974998474121094,60.02000045776367,59.96500015258789,59.9900016784668,24168
2025-10-09 18:45:00+00:00,59.98500061035156,59.9900016784668,59.93000030517578,59.93009948730469,17142
2025-10-09 18:46:00+00:00,59.93000030517578,59.98500061035156,59.93000030517578,59.970001220703125,14391
2025-10-09 18:47:00+00:00,59.970001220703125,60.0099983215332,59.970001220703125,60.0,16714
2025-10-09 18:48:00+00:00,60.005001068115234,60.040000915527344,59.9900016784668,60.029998779296875,31850
2025-10-09 18:49:00+00:00,60.029998779296875,60.04990005493164,60.0,60.04499816894531,19043
2025-10-09 18:50:00+00:00,60.040000915527344,60.040000915527344,60.02000045776367,60.040000915527344,11705
2025-10-09 18:51:00+00:00,60.03499984741211,60.040000915527344,59.900001525878906,59.900001525878906,34184
2025-10-09 18:52:00+00:00,59.88999938964844,59.90999984741211,59.810001373291016,59.81999969482422,49868
2025-10-09 18:53:00+00:00,59.82500076293945,59.869998931884766,59.810001373291016,59.85499954223633,27064
2025-10-09 18:54:00+00:00,59.86000061035156,59.86000061035156,59.84000015258789,59.849998474121094,9561
2025-10-09 18:55:00+00:00,59.849998474121094,59.849998474121094,59.75,59.7599983215332,23508
2025-10-09 18:56:00+00:00,59.750099182128906,59.7599983215332,59.63999938964844,59.689998626708984,37978
2025-10-09 18:57:00+00:00,59.689998626708984,59.689998626708984,59.630001068115234,59.63999938964844,21029
2025-10-09 18:58:00+00:00,59.63999938964844,59.63999938964844,59.560001373291016,59.58000183105469,27034
2025-10-09 18:59:00+00:00,59.57500076293945,59.595001220703125,59.54999923706055,59.56999969482422,27891
2025-10-09 19:00:00+00:00,59.56999969482422,59.56999969482422,59.290000915527344,59.30500030517578,110544
2025-10-09 19:01:00+00:00,59.310001373291016,59.31999969482422,59.209999084472656,59.290000915527344,69792
2025-10-09 19:02:00+00:00,59.290000915527344,59.40999984741211,59.279998779296875,59.279998779296875,51372
2025-10-09 19:03:00+00:00,59.28499984741211,59.28499984741211,59.21500015258789,59.24440002441406,46635
2025-10-09 19:04:00+00:00,59.2400016784668,59.279998779296875,59.209999084472656,59.24100112915039,65208
2025-10-09 19:05:00+00:00,59.25,59.25,59.189998626708984,59.209999084472656,43409
2025-10-09 19:06:00+00:00,59.220001220703125,59.220001220703125,59.16999816894531,59.19499969482422,54336
2025-10-09 19:07:00+00:00,59.20000076293945,59.209999084472656,59.02000045776367,59.04499816894531,105436
2025-10-09 19:08:00+00:00,59.04999923706055,59.11000061035156,59.040000915527344,59.09000015258789,76388
2025-10-09 19:09:00+00:00,59.099998474121094,59.13999938964844,59.060001373291016,59.084999084472656,38563
2025-10-09 19:10:00+00:00,59.084999084472656,59.084999084472656,58.9807014465332,59.04999923706055,69790
2025-10-09 19:11:00+00:00,59.060001373291016,59.13999938964844,59.060001373291016,59.1349983215332,39884
2025-10-09 19:12:00+00:00,59.1349983215332,59.21500015258789,59.11000061035156,59.11000061035156,56490
2025-10-09 19:13:00+00:00,59.11000061035156,59.1150016784668,59.0099983215332,59.07500076293945,64288
2025-10-09 19:14:00+00:00,59.08000183105469,59.08000183105469,59.0,59.005001068115234,32754
2025-10-09 19:15:00+00:00,59.0099983215332,59.060001373291016,58.900001525878906,58.91999816894531,62019
2025-10-09 19:16:00+00:00,58.91019821166992,59.060001373291016,58.900001525878906,59.02989959716797,78341
2025-10-09 19:17:00+00:00,59.0,59.060001373291016,58.994998931884766,59.040000915527344,51352
2025-10-09 19:18:00+00:00,59.04970169067383,59.060001373291016,59.005001068115234,59.040000915527344,45263
2025-10-09 19:19:00+00:00,59.029998779296875,59.040000915527344,58.98500061035156,59.00130081176758,59564
2025-10-09 19:20:00+00:00,59.0,59.060001373291016,58.98500061035156,59.04499816894531,56733
2025-10-09 19:21:00+00:00,59.04999923706055,59.22999954223633,59.040000915527344,59.220001220703125,61312
2025-10-09 19:22:00+00:00,59.220001220703125,59.27000045776367,59.18000030517578,59.27000045776367,46442
2025-10-09 19:23:00+00:00,59.26020050048828,59.310001373291016,59.2599983215332,59.279998779296875,53519
2025-10-09 19:24:00+00:00,59.279998779296875,59.30619812011719,59.26190185546875,59.275001525878906,37895
2025-10-09 19:25:00+00:00,59.27349853515625,59.30500030517578,59.26499938964844,59.26499938964844,38708
2025-10-09 19:26:00+00:00,59.26499938964844,59.349998474121094,59.23500061035156,59.275001525878906,77316
2025-10-09 19:27:00+00:00,59.27000045776367,59.29999923706055,59.22999954223633,59.290000915527344,59396
2025-10-09 19:28:00+00:00,59.29499816894531,59.349998474121094,59.2599983215332,59.32500076293945,68054
2025-10-09 19:29:00+00:00,59.33000183105469,59.38999938964844,59.290000915527344,59.29999923706055,62263
2025-10-09 19:30:00+00:00,59.29999923706055,59.30500030517578,59.16999816894531,59.16999816894531,64275
2025-10-09 19:31:00+00:00,59.16999816894531,59.2599983215332,59.165000915527344,59.255001068115234,55287
2025-10-09 19:32:00+00:00,59.255001068115234,59.29999923706055,59.21500015258789,59.26499938964844,37093
2025-10-09 19:33:00+00:00,59.27000045776367,59.34000015258789,59.27000045776367,59.27000045776367,38373
2025-10-09 19:34:00+00:00,59.26499938964844,59.26499938964844,59.150001525878906,59.20000076293945,56411
2025-10-09 19:35:00+00:00,59.189998626708984,59.23500061035156,59.1349983215332,59.20000076293945,46594
2025-10-09 19:36:00+00:00,59.20500183105469,59.26100158691406,59.189998626708984,59.26100158691406,27014
2025-10-09 19:37:00+00:00,59.26499938964844,59.27000045776367,59.220001220703125,59.23500061035156,32712
2025-10-09 19:38:00+00:00,59.23099899291992,59.27009963989258,59.220001220703125,59.264400482177734,35111
2025-10-09 19:39:00+00:00,59.26499938964844,59.26499938964844,59.209999084472656,59.244998931884766,38848
2025-10-09 19:40:00+00:00,59.244998931884766,59.380001068115234,59.22999954223633,59.380001068115234,68891
2025-10-09 19:41:00+00:00,59.380001068115234,59.5,59.380001068115234,59.474300384521484,87959
2025-10-09 19:42:00+00:00,59.474998474121094,59.560001373291016,59.470001220703125,59.49440002441406,92393
2025-10-09 19:43:00+00:00,59.494998931884766,59.5,59.42499923706055,59.439998626708984,51061
2025-10-09 19:44:00+00:00,59.439998626708984,59.470001220703125,59.415000915527344,59.45000076293945,43654
2025-10-09 19:45:00+00:00,59.45500183105469,59.54499816894531,59.42499923706055,59.51499938964844,59530
2025-10-09 19:46:00+00:00,59.5099983215332,59.54499816894531,59.470001220703125,59.51380157470703,71425
2025-10-09 19:47:00+00:00,59.51649856567383,59.540000915527344,59.47999954223633,59.52000045776367,63862
2025-10-09 19:48:00+00:00,59.529998779296875,59.54499816894531,59.474998474121094,59.51499938964844,63970
2025-10-09 19:49:00+00:00,59.52000045776367,59.54499816894531,59.459999084472656,59.459999084472656,109029
2025-10-09 19:50:00+00:00,59.46500015258789,59.599998474121094,59.39500045776367,59.595001220703125,208874
2025-10-09 19:51:00+00:00,59.595001220703125,59.60499954223633,59.3849983215332,59.45000076293945,168588
2025-10-09 19:52:00+00:00,59.43000030517578,59.439998626708984,59.22999954223633,59.275001525878906,114337
2025-10-09 19:53:00+00:00,59.27000045776367,59.275001525878906,59.20000076293945,59.2599983215332,114841
2025-10-09 19:54:00+00:00,59.25,59.290000915527344,59.21500015258789,59.25,74628
2025-10-09 19:55:00+00:00,59.25,59.2599983215332,59.150001525878906,59.220001220703125,168234
2025-10-09 19:56:00+00:00,59.20500183105469,59.369998931884766,59.17499923706055,59.349998474121094,201018
2025-10-09 19:57:00+00:00,59.35499954223633,59.47999954223633,59.349998474121094,59.439998626708984,258413
2025-10-09 19:58:00+00:00,59.44499969482422,59.4900016784668,59.400001525878906,59.40999984741211,267985
2025-10-09 19:59:00+00:00,59.40999984741211,59.56999969482422,59.400001525878906,59.54999923706055,409853
2025-10-09 20:00:00+00:00,59.55,59.57,59.5238,59.5598,1093969
2025-10-09 20:01:00+00:00,59.56,59.65,59.54,59.65,0
2025-10-09 20:02:00+00:00,59.65,59.65,59.53,59.63,0
2025-10-09 20:03:00+00:00,59.64,59.65,59.57,59.65,0
2025-10-09 20:04:00+00:00,59.61,59.65,59.57,59.65,0
2025-10-09 20:05:00+00:00,59.67,59.67,59.61,59.65,0
2025-10-09 20:06:00+00:00,59.64,59.64,59.6,59.6001,0
2025-10-09 20:07:00+00:00,59.65,59.65,59.61,59.62,0
2025-10-09 20:08:00+00:00,59.62,59.64,59.62,59.64,0
2025-10-09 20:09:00+00:00,59.61,59.66,59.61,59.62,0
2025-10-09 20:10:00+00:00,59.65,59.65,59.57,59.5905,0
2025-10-09 20:11:00+00:00,59.59,59.61,59.58,59.58,0
2025-10-09 20:12:00+00:00,59.58,59.59,59.58,59.5807,0
2025-10-09 20:13:00+00:00,59.5801,59.61,59.58,59.58,0
2025-10-09 20:14:00+00:00,59.59,59.59,59.59,59.59,0
2025-10-09 20:15:00+00:00,59.6,59.6,59.57,59.6,0
2025-10-09 20:16:00+00:00,59.58,59.6,59.58,59.6,0
2025-10-09 20:17:00+00:00,59.6,59.6,59.58,59.59,0
2025-10-09 20:18:00+00:00,59.59,59.6,59.245,59.6,0
2025-10-09 20:19:00+00:00,59.59,59.61,59.58,59.5803,0
2025-10-09 20:20:00+00:00,59.59,59.6,59.57,59.5819,0
2025-10-09 20:21:00+00:00,59.58,59.61,59.58,59.58,0
2025-10-09 20:22:00+00:00,59.6069,59.61,59.58,59.59,0
2025-10-09 20:23:00+00:00,59.59,59.61,59.58,59.59,0
2025-10-09 20:24:00+00:00,59.6,59.6,59.58,59.59,0
2025-10-09 20:25:00+00:00,59.6,59.6,59.58,59.59,0
2025-10-09 20:26:00+00:00,59.6,59.6,59.58,59.5996,0
2025-10-09 20:27:00+00:00,59.58,59.58,59.58,59.58,0
2025-10-09 20:28:00+00:00,59.6,59.6,59.58,59.6,0
2025-10-09 20:29:00+00:00,59.6,59.6,59.6,59.6,0
2025-10-09 20:30:00+00:00,59.6,59.6,59.58,59.6,0
2025-10-09 20:31:00+00:00,59.6,59.6,59.57,59.58,0
2025-10-09 20:32:00+00:00,59.57,59.6,59.57,59.6,0
2025-10-09 20:33:00+00:00,59.6,59.6,59.58,59.5994,0
2025-10-09 20:34:00+00:00,59.58,59.58,59.58,59.58,0
2025-10-09 20:35:00+00:00,59.6,59.6,59.58,59.5995,0
2025-10-09 20:36:00+00:00,59.5997,59.6,59.5813,59.5813,0
2025-10-09 20:37:00+00:00,59.58,59.6,59.58,59.58,0
2025-10-09 20:38:00+00:00,59.58,59.61,59.58,59.6,0
2025-10-09 20:39:00+00:00,59.61,59.61,59.58,59.61,0
2025-10-09 20:40:00+00:00,59.61,59.61,59.6,59.61,0
2025-10-09 20:41:00+00:00,59.6093,59.6093,59.58,59.58,0
2025-10-09 20:42:00+00:00,59.59,59.6,59.5,59.6,0
2025-10-09 20:43:00+00:00,59.5,59.6072,59.5,59.5,0
2025-10-09 20:44:00+00:00,59.5,59.54,59.44,59.46,0
2025-10-09 20:45:00+00:00,59.4306,59.49,59.43,59.49,0
2025-10-09 20:46:00+00:00,59.48,59.48,59.44,59.44,0
2025-10-09 20:47:00+00:00,59.47,59.6,59.47,59.47,0
2025-10-09 20:48:00+00:00,59.6,59.6,59.4301,59.4301,0
2025-10-09 20:49:00+00:00,59.43,59.6,59.43,59.6,0
2025-10-09 20:50:00+00:00,59.44,59.592,59.44,59.44,0
2025-10-09 20:51:00+00:00,59.43,59.53,59.43,59.4314,0
2025-10-09 20:52:00+00:00,59.53,59.53,59.53,59.53,0
2025-10-09 20:53:00+00:00,59.51,59.53,59.43,59.52,0
2025-10-09 20:54:00+00:00,59.6,59.6,59.6,59.6,0
2025-10-09 20:55:00+00:00,59.44,59.45,59.44,59.45,0
2025-10-09 20:56:00+00:00,59.45,59.6,59.43,59.6,0
2025-10-09 20:57:00+00:00,59.55,59.58,59.55,59.57,0
2025-10-09 20:58:00+00:00,59.6,59.6,59.45,59.54,0
2025-10-09 20:59:00+00:00,59.55,59.55,59.55,59.55,0
2025-10-09 21:00:00+00:00,59.5496,59.5496,59.45,59.54,0
2025-10-09 21:01:00+00:00,59.55,59.5989,59.51,59.51,0
2025-10-09 21:02:00+00:00,59.5,59.6,59.5,59.6,0
2025-10-09 21:03:00+00:00,59.5935,59.5999,59.5935,59.5999,0
2025-10-09 21:04:00+00:00,59.5908,59.5908,59.5908,59.5908,0
2025-10-09 21:05:00+00:00,59.59,59.6,59.56,59.57,0
2025-10-09 21:06:00+00:00,59.56,59.57,59.56,59.57,0
2025-10-09 21:07:00+00:00,59.56,59.6,59.54,59.6,0
2025-10-09 21:08:00+00:00,59.6,59.6,59.5989,59.5989,0
2025-10-09 21:10:00+00:00,59.6,59.6,59.55,59.59,0
2025-10-09 21:11:00+00:00,59.55,59.6,59.55,59.6,0
2025-10-09 21:12:00+00:00,59.5,59.5,59.5,59.5,0
2025-10-09 21:13:00+00:00,59.5225,59.55,59.5,59.55,0
2025-10-09 21:14:00+00:00,59.5125,59.59,59.5125,59.59,0
2025-10-09 21:15:00+00:00,59.5025,59.6,59.5,59.59,0
2025-10-09 21:16:00+00:00,59.59,59.59,59.51,59.5154,0
2025-10-09 21:17:00+00:00,59.58,59.59,59.51,59.51,0
2025-10-09 21:18:00+00:00,59.52,59.6,59.51,59.55,0
2025-10-09 21:19:00+00:00,59.6,59.6,59.5005,59.5008,0
2025-10-09 21:20:00+00:00,59.55,59.55,59.55,59.55,0
2025-10-09 21:21:00+00:00,59.59,59.6,59.55,59.58,0
2025-10-09 21:22:00+00:00,59.5505,59.6,59.55,59.6,0
2025-10-09 21:23:00+00:00,59.5,59.6,59.5,59.58,0
2025-10-09 21:24:00+00:00,59.6,59.6,59.6,59.6,0
2025-10-09 21:26:00+00:00,59.51,59.51,59.5,59.5,0
2025-10-09 21:27:00+00:00,59.52,59.59,59.52,59.59,0
2025-10-09 21:28:00+00:00,59.57,59.57,59.51,59.51,0
2025-10-09 21:29:00+00:00,59.51,59.57,59.51,59.57,0
2025-10-09 21:30:00+00:00,59.5007,59.5007,59.5007,59.5007,0
2025-10-09 21:32:00+00:00,59.6,59.6,59.52,59.52,0
2025-10-09 21:33:00+00:00,59.58,59.5954,59.58,59.5954,0
2025-10-09 21:34:00+00:00,59.5954,59.5954,59.5954,59.5954,0
2025-10-09 21:35:00+00:00,59.6,59.6,59.5176,59.5808,0
2025-10-09 21:36:00+00:00,59.5885,59.5885,59.5885,59.5885,0
2025-10-09 21:37:00+00:00,59.58,59.59,59.51,59.51,0
2025-10-09 21:39:00+00:00,59.58,59.58,59.58,59.58,0
2025-10-09 21:40:00+00:00,59.59,59.59,59.58,59.588,0
2025-10-09 21:41:00+00:00,59.58,59.59,59.58,59.59,0
2025-10-09 21:42:00+00:00,59.56,59.6,59.56,59.6,0
2025-10-09 21:43:00+00:00,59.57,59.6,59.57,59.6,0
2025-10-09 21:44:00+00:00,59.6,59.6,59.57,59.57,0
2025-10-09 21:45:00+00:00,59.6,59.6,59.56,59.56,0
2025-10-09 21:46:00+00:00,59.56,59.6,59.56,59.6,0
2025-10-09 21:47:00+00:00,59.56,59.56,59.56,59.56,0
2025-10-09 21:48:00+00:00,59.5601,59.5601,59.56,59.56,0
2025-10-09 21:49:00+00:00,59.57,59.57,59.51,59.51,0
2025-10-09 21:50:00+00:00,59.56,59.6,59.56,59.59,0
2025-10-09 21:51:00+00:00,59.58,59.6,59.58,59.6,0
2025-10-09 21:52:00+00:00,59.6,59.6,59.51,59.51,0
2025-10-09 21:53:00+00:00,59.54,59.56,59.54,59.56,0
2025-10-09 21:55:00+00:00,59.6,59.6,59.6,59.6,0
2025-10-09 21:56:00+00:00,59.5994,59.6,59.5994,59.6,0
2025-10-09 21:58:00+00:00,59.6,59.6,59.56,59.56,0
2025-10-09 21:59:00+00:00,59.56,59.56,59.55,59.55,0
2025-10-09 22:00:00+00:00,59.55,59.55,59.55,59.55,0
2025-10-09 22:01:00+00:00,59.5626,59.5626,59.56,59.56,0
2025-10-09 22:02:00+00:00,59.56,59.6,59.56,59.6,0
2025-10-09 22:05:00+00:00,59.59,59.5902,59.5601,59.5601,0
2025-10-09 22:06:00+00:00,59.59,59.59,59.56,59.56,0
2025-10-09 22:08:00+00:00,59.58,59.58,59.58,59.58,0
2025-10-09 22:09:00+00:00,59.561,59.561,59.561,59.561,0
2025-10-09 22:11:00+00:00,59.5991,59.5991,59.56,59.56,0
2025-10-09 22:13:00+00:00,59.5563,59.5563,59.5563,59.5563,0
2025-10-09 22:14:00+00:00,59.56,59.6,59.56,59.6,0
2025-10-09 22:15:00+00:00,59.6,59.6183,59.6,59.6183,0
2025-10-09 22:16:00+00:00,59.6,59.6,59.581,59.581,0
2025-10-09 22:18:00+00:00,59.55,59.55,59.55,59.55,0
2025-10-09 22:19:00+00:00,59.55,59.6,59.55,59.6,0
2025-10-09 22:20:00+00:00,59.6,59.6,59.58,59.58,0
2025-10-09 22:21:00+00:00,59.61,59.61,59.61,59.61,0
2025-10-09 22:23:00+00:00,59.62,59.62,59.62,59.62,0
2025-10-09 22:24:00+00:00,59.62,59.62,59.62,59.62,0
2025-10-09 22:27:00+00:00,59.55,59.62,59.55,59.62,0
2025-10-09 22:29:00+00:00,59.5511,59.5511,59.5511,59.5511,0
2025-10-09 22:30:00+00:00,59.6182,59.6182,59.61,59.61,0
2025-10-09 22:31:00+00:00,59.61,59.61,59.61,59.61,0
2025-10-09 22:32:00+00:00,59.62,59.62,59.5511,59.62,0
2025-10-09 22:33:00+00:00,59.62,59.62,59.62,59.62,0
2025-10-09 22:34:00+00:00,59.62,59.62,59.62,59.62,0
2025-10-09 22:35:00+00:00,59.62,59.65,59.62,59.65,0
2025-10-09 22:36:00+00:00,59.71,59.71,59.71,59.71,0
2025-10-09 22:37:00+00:00,59.65,59.65,59.65,59.65,0
2025-10-09 22:38:00+00:00,59.6499,59.6499,59.59,59.6,0
2025-10-09 22:39:00+00:00,59.6,59.6,59.59,59.59,0
2025-10-09 22:40:00+00:00,59.59,59.59,59.59,59.59,0
2025-10-09 22:41:00+00:00,59.65,59.65,59.65,59.65,0
2025-10-09 22:42:00+00:00,59.55,59.55,59.55,59.55,0
2025-10-09 22:44:00+00:00,59.65,59.65,59.6499,59.6499,0
2025-10-09 22:45:00+00:00,59.65,59.65,59.59,59.59,0
2025-10-09 22:46:00+00:00,59.55,59.6489,59.55,59.6489,0
2025-10-09 22:47:00+00:00,59.55,59.65,59.55,59.5501,0
2025-10-09 22:48:00+00:00,59.6487,59.6487,59.6487,59.6487,0
2025-10-09 22:49:00+00:00,59.65,59.65,59.65,59.65,0
2025-10-09 22:51:00+00:00,59.6435,59.6435,59.59,59.64,0
2025-10-09 22:53:00+00:00,59.64,59.64,59.64,59.64,0
2025-10-09 22:54:00+00:00,59.63,59.64,59.63,59.64,0
2025-10-09 22:55:00+00:00,59.6499,59.65,59.64,59.64,0
2025-10-09 22:57:00+00:00,59.65,59.65,59.65,59.65,0
2025-10-09 22:58:00+00:00,59.65,59.65,59.65,59.65,0
2025-10-09 22:59:00+00:00,59.64,59.64,59.64,59.64,0
2025-10-09 23:00:00+00:00,59.65,59.65,59.64,59.64,0
2025-10-09 23:02:00+00:00,59.66,59.66,59.66,59.66,0
2025-10-09 23:03:00+00:00,59.6857,59.6857,59.6857,59.6857,0
2025-10-09 23:04:00+00:00,59.6857,59.6857,59.6857,59.6857,0
2025-10-09 23:07:00+00:00,59.66,59.66,59.66,59.66,0
2025-10-09 23:08:00+00:00,59.71,59.71,59.6319,59.6319,0
2025-10-09 23:09:00+00:00,59.66,59.66,59.66,59.66,0
2025-10-09 23:11:00+00:00,59.66,59.66,59.66,59.66,0
2025-10-09 23:12:00+00:00,59.6603,59.7,59.66,59.66,0
2025-10-09 23:13:00+00:00,59.66,59.7,59.66,59.7,0
2025-10-09 23:14:00+00:00,59.6881,59.69,59.6881,59.69,0
2025-10-09 23:15:00+00:00,59.66,59.66,59.56,59.59,0
2025-10-09 23:16:00+00:00,59.69,59.69,59.6886,59.6886,0
2025-10-09 23:17:00+00:00,59.6892,59.6892,59.6892,59.6892,0
2025-10-09 23:18:00+00:00,59.69,59.69,59.68,59.68,0
2025-10-09 23:19:00+00:00,59.67,59.69,59.67,59.69,0
2025-10-09 23:24:00+00:00,59.69,59.69,59.59,59.69,0
2025-10-09 23:26:00+00:00,59.64,59.69,59.64,59.69,0
2025-10-09 23:27:00+00:00,59.59,59.59,59.59,59.59,0
2025-10-09 23:28:00+00:00,59.59,59.59,59.59,59.59,0
2025-10-09 23:29:00+00:00,59.64,59.64,59.64,59.64,0
2025-10-09 23:30:00+00:00,59.61,59.61,59.61,59.61,0
2025-10-09 23:31:00+00:00,59.64,59.64,59.64,59.64,0
2025-10-09 23:33:00+00:00,59.64,59.64,59.5907,59.5907,0
2025-10-09 23:35:00+00:00,59.62,59.64,59.62,59.64,0
2025-10-09 23:36:00+00:00,59.62,59.62,59.62,59.62,0
2025-10-09 23:37:00+00:00,59.63,59.63,59.63,59.63,0
2025-10-09 23:39:00+00:00,59.65,59.67,59.65,59.67,0
2025-10-09 23:40:00+00:00,59.6784,59.6784,59.67,59.67,0
2025-10-09 23:41:00+00:00,59.67,59.6825,59.67,59.6825,0
2025-10-09 23:42:00+00:00,59.67,59.69,59.67,59.69,0
2025-10-09 23:45:00+00:00,59.7,59.7,59.7,59.7,0
2025-10-09 23:46:00+00:00,59.7,59.7,59.67,59.67,0
2025-10-09 23:47:00+00:00,59.69,59.69,59.69,59.69,0
2025-10-09 23:48:00+00:00,59.68,59.68,59.67,59.67,0
2025-10-09 23:49:00+00:00,59.63,59.63,59.63,59.63,0
2025-10-09 23:50:00+00:00,59.63,59.6545,59.63,59.65,0
2025-10-09 23:51:00+00:00,59.64,59.64,59.6399,59.64,0
2025-10-09 23:52:00+00:00,59.63,59.63,59.63,59.63,0
2025-10-09 23:53:00+00:00,59.65,59.65,59.64,59.64,0
2025-10-09 23:54:00+00:00,59.64,59.64,59.6399,59.64,0
2025-10-09 23:55:00+00:00,59.63,59.63,59.62,59.62,0
2025-10-09 23:56:00+00:00,59.67,59.69,59.67,59.67,0
2025-10-09 23:57:00+00:00,59.67,59.67,59.59,59.61,0
2025-10-09 23:58:00+00:00,59.62,59.62,59.59,59.59,0
2025-10-09 23:59:00+00:00,59.6695,59.6695,59.6,59.6,0
2025-10-10 08:00:00+00:00,60.0,60.0,60.0,60.0,0
2025-10-10 08:02:00+00:00,59.95,59.95,59.66,59.78,0
2025-10-10 08:03:00+00:00,59.92,59.94,59.92,59.94,0
2025-10-10 08:04:00+00:00,59.91,59.96,59.71,59.94,0
2025-10-10 08:05:00+00:00,59.94,59.94,59.94,59.94,0
2025-10-10 08:06:00+00:00,59.94,59.94,59.61,59.64,0
2025-10-10 08:07:00+00:00,59.88,59.88,59.88,59.88,0
2025-10-10 08:08:00+00:00,59.88,59.88,59.88,59.88,0
2025-10-10 08:09:00+00:00,59.75,59.75,59.75,59.75,0
2025-10-10 08:12:00+00:00,59.71,59.71,59.71,59.71,0
2025-10-10 08:13:00+00:00,59.71,59.71,59.69,59.69,0
2025-10-10 08:16:00+00:00,59.69,59.69,59.69,59.69,0
2025-10-10 08:17:00+00:00,59.69,59.7,59.69,59.7,0
2025-10-10 08:18:00+00:00,59.7,59.7,59.7,59.7,0
2025-10-10 08:19:00+00:00,59.69,59.69,59.65,59.65,0
2025-10-10 08:20:00+00:00,59.69,59.69,59.69,59.69,0
2025-10-10 08:21:00+00:00,59.65,59.68,59.65,59.68,0
2025-10-10 08:23:00+00:00,59.7,59.7,59.7,59.7,0
2025-10-10 08:24:00+00:00,59.65,59.65,59.62,59.62,0
2025-10-10 08:26:00+00:00,59.69,59.69,59.69,59.69,0
2025-10-10 08:27:00+00:00,59.7,59.7,59.68,59.68,0
2025-10-10 08:28:00+00:00,59.7,59.7,59.67,59.68,0
2025-10-10 08:29:00+00:00,59.66,59.66,59.64,59.64,0
2025-10-10 08:31:00+00:00,59.63,59.63,59.59,59.59,0
2025-10-10 08:32:00+00:00,59.62,59.62,59.62,59.62,0
2025-10-10 08:33:00+00:00,59.63,59.66,59.58,59.58,0
2025-10-10 08:34:00+00:00,59.66,59.7,59.66,59.67,0
2025-10-10 08:36:00+00:00,59.67,59.67,59.67,59.67,0
2025-10-10 08:37:00+00:00,59.67,59.67,59.67,59.67,0
2025-10-10 08:38:00+00:00,59.67,59.67,59.67,59.67,0
2025-10-10 08:39:00+00:00,59.67,59.67,59.67,59.67,0
2025-10-10 08:41:00+00:00,59.67,59.67,59.67,59.67,0
2025-10-10 08:42:00+00:00,59.67,59.67,59.67,59.67,0
2025-10-10 08:43:00+00:00,59.66,59.67,59.66,59.67,0
2025-10-10 08:44:00+00:00,59.67,59.67,59.67,59.67,0
2025-10-10 08:47:00+00:00,59.67,59.67,59.67,59.67,0
2025-10-10 08:48:00+00:00,59.67,59.67,59.6,59.6,0
2025-10-10 08:55:00+00:00,59.66,59.66,59.66,59.66,0
2025-10-10 08:56:00+00:00,59.67,59.67,59.67,59.67,0
2025-10-10 08:57:00+00:00,59.67,59.67,59.66,59.66,0
2025-10-10 09:04:00+00:00,59.55,59.55,59.55,59.55,0
2025-10-10 09:05:00+00:00,59.56,59.56,59.56,59.56,0
2025-10-10 09:06:00+00:00,59.56,59.56,59.56,59.56,0
2025-10-10 09:08:00+00:00,59.69,59.69,59.69,59.69,0
2025-10-10 09:17:00+00:00,59.67,59.67,59.67,59.67,0
2025-10-10 09:19:00+00:00,59.67,59.67,59.67,59.67,0
2025-10-10 09:22:00+00:00,59.6,59.6,59.6,59.6,0
2025-10-10 09:23:00+00:00,59.61,59.61,59.6,59.6,0
2025-10-10 09:24:00+00:00,59.58,59.58,59.57,59.57,0
2025-10-10 09:25:00+00:00,59.53,59.53,59.53,59.53,0
2025-10-10 09:26:00+00:00,59.58,59.58,59.58,59.58,0
2025-10-10 09:27:00+00:00,59.57,59.57,59.52,59.53,0
2025-10-10 09:32:00+00:00,59.52,59.52,59.52,59.52,0
2025-10-10 09:34:00+00:00,59.52,59.52,59.52,59.52,0
2025-10-10 09:35:00+00:00,59.52,59.52,59.52,59.52,0
2025-10-10 09:36:00+00:00,59.52,59.52,59.52,59.52,0
2025-10-10 09:37:00+00:00,59.51,59.51,59.51,59.51,0
2025-10-10 09:39:00+00:00,59.52,59.53,59.52,59.53,0
2025-10-10 09:40:00+00:00,59.51,59.51,59.51,59.51,0
2025-10-10 09:41:00+00:00,59.57,59.57,59.57,59.57,0
2025-10-10 09:43:00+00:00,59.52,59.52,59.52,59.52,0
2025-10-10 09:44:00+00:00,59.52,59.52,59.52,59.52,0
2025-10-10 09:45:00+00:00,59.52,59.52,59.52,59.52,0
2025-10-10 09:46:00+00:00,59.52,59.52,59.51,59.51,0
2025-10-10 09:50:00+00:00,59.51,59.51,59.51,59.51,0
2025-10-10 09:51:00+00:00,59.55,59.55,59.55,59.55,0
2025-10-10 09:52:00+00:00,59.52,59.55,59.52,59.55,0
2025-10-10 09:53:00+00:00,59.55,59.55,59.55,59.55,0
2025-10-10 09:55:00+00:00,59.53,59.53,59.51,59.51,0
2025-10-10 09:56:00+00:00,59.51,59.51,59.4,59.4,0
2025-10-10 09:57:00+00:00,59.47,59.47,59.4,59.4,0
2025-10-10 09:59:00+00:00,59.5,59.5,59.5,59.5,0
2025-10-10 10:00:00+00:00,59.5,59.5,59.5,59.5,0
2025-10-10 10:03:00+00:00,59.45,59.45,59.45,59.45,0
2025-10-10 10:04:00+00:00,59.5,59.5,59.5,59.5,0
2025-10-10 10:07:00+00:00,59.45,59.45,59.43,59.43,0
2025-10-10 10:11:00+00:00,59.49,59.49,59.43,59.44,0
2025-10-10 10:12:00+00:00,59.5,59.5,59.5,59.5,0
2025-10-10 10:15:00+00:00,59.6,59.6,59.6,59.6,0
2025-10-10 10:16:00+00:00,59.51,59.51,59.5,59.5,0
2025-10-10 10:17:00+00:00,59.44,59.45,59.44,59.44,0
2025-10-10 10:18:00+00:00,59.44,59.44,59.4,59.4,0
2025-10-10 10:19:00+00:00,59.4,59.4,59.4,59.4,0
2025-10-10 10:20:00+00:00,59.4,59.4,59.4,59.4,0
2025-10-10 10:21:00+00:00,59.4,59.47,59.39,59.47,0
2025-10-10 10:24:00+00:00,59.5,59.5,59.5,59.5,0
2025-10-10 10:25:00+00:00,59.4,59.4,59.4,59.4,0
2025-10-10 10:26:00+00:00,59.4,59.54,59.4,59.54,0
2025-10-10 10:35:00+00:00,59.54,59.6,59.54,59.6,0
2025-10-10 10:45:00+00:00,59.6,59.6,59.6,59.6,0
2025-10-10 10:50:00+00:00,59.6,59.6,59.6,59.6,0
2025-10-10 10:52:00+00:00,59.69,59.75,59.67,59.75,0
2025-10-10 10:55:00+00:00,59.75,59.75,59.75,59.75,0
2025-10-10 10:57:00+00:00,59.74,59.74,59.74,59.74,0
2025-10-10 11:00:00+00:00,59.82,59.82,59.66,59.79,0
2025-10-10 11:03:00+00:00,59.77,59.77,59.77,59.77,0
2025-10-10 11:04:00+00:00,59.77,59.77,59.77,59.77,0
2025-10-10 11:09:00+00:00,59.74,59.74,59.6,59.63,0
2025-10-10 11:10:00+00:00,59.74,59.75,59.74,59.75,0
2025-10-10 11:13:00+00:00,59.75,59.75,59.75,59.75,0
2025-10-10 11:14:00+00:00,59.76,59.76,59.76,59.76,0
2025-10-10 11:17:00+00:00,59.76,59.76,59.76,59.76,0
2025-10-10 11:18:00+00:00,59.75,59.75,59.74,59.74,0
2025-10-10 11:19:00+00:00,59.75,59.76,59.74,59.76,0
2025-10-10 11:30:00+00:00,59.77,59.77,59.77,59.77,0
2025-10-10 11:32:00+00:00,59.76,59.78,59.76,59.78,0
2025-10-10 11:33:00+00:00,59.77,59.78,59.77,59.78,0
2025-10-10 11:34:00+00:00,59.78,59.78,59.78,59.78,0
2025-10-10 11:35:00+00:00,59.76,59.77,59.76,59.77,0
2025-10-10 11:37:00+00:00,59.76,59.76,59.75,59.75,0
2025-10-10 11:39:00+00:00,59.75,59.75,59.75,59.75,0
2025-10-10 11:41:00+00:00,59.76,59.76,59.75,59.75,0
2025-10-10 11:49:00+00:00,59.76,59.76,59.76,59.76,0
2025-10-10 11:50:00+00:00,59.76,59.76,59.76,59.76,0
2025-10-10 11:52:00+00:00,59.76,59.76,59.76,59.76,0
2025-10-10 11:55:00+00:00,59.78,59.78,59.78,59.78,0
2025-10-10 11:56:00+00:00,59.76,59.76,59.76,59.76,0
2025-10-10 11:57:00+00:00,59.76,59.79,59.74,59.79,0
2025-10-10 11:59:00+00:00,59.74,59.74,59.74,59.74,0
2025-10-10 12:00:00+00:00,59.75,60.27,59.3987,59.7,0
2025-10-10 12:01:00+00:00,60.15,60.15,59.68,59.7,0
2025-10-10 12:02:00+00:00,59.98,59.98,59.78,59.78,0
2025-10-10 12:03:00+00:00,59.8,59.8,59.71,59.8,0
2025-10-10 12:04:00+00:00,59.71,59.8,59.71,59.8,0
2025-10-10 12:05:00+00:00,59.8,59.8,59.78,59.78,0
2025-10-10 12:06:00+00:00,59.78,59.78,59.7,59.77,0
2025-10-10 12:07:00+00:00,59.7789,59.78,59.7789,59.78,0
2025-10-10 12:08:00+00:00,59.76,59.7793,59.76,59.7793,0
2025-10-10 12:09:00+00:00,59.76,59.7776,59.76,59.7776,0
2025-10-10 12:11:00+00:00,59.75,59.76,59.75,59.76,0
2025-10-10 12:12:00+00:00,59.76,59.78,59.75,59.7501,0
2025-10-10 12:13:00+00:00,59.76,59.78,59.71,59.77,0
2025-10-10 12:14:00+00:00,59.77,59.8,59.77,59.8,0
2025-10-10 12:15:00+00:00,59.8,59.8,59.79,59.8,0
2025-10-10 12:16:00+00:00,59.7976,59.7976,59.7976,59.7976,0
2025-10-10 12:17:00+00:00,59.78,59.8,59.78,59.7994,0
2025-10-10 12:18:00+00:00,59.8,59.8,59.79,59.79,0
2025-10-10 12:19:00+00:00,59.7999,59.8,59.79,59.8,0
2025-10-10 12:20:00+00:00,59.79,59.8,59.79,59.8,0
2025-10-10 12:21:00+00:00,59.79,59.8,59.78,59.78,0
2025-10-10 12:22:00+00:00,59.78,59.8,59.74,59.79,0
2025-10-10 12:23:00+00:00,59.8,59.8,59.7988,59.7988,0
2025-10-10 12:24:00+00:00,59.795,59.8,59.75,59.75,0
2025-10-10 12:25:00+00:00,59.79,59.7999,59.75,59.7999,0
2025-10-10 12:26:00+00:00,59.76,59.8,59.76,59.8,0
2025-10-10 12:27:00+00:00,59.7999,59.8,59.7999,59.8,0
2025-10-10 12:28:00+00:00,59.7504,59.8,59.7504,59.8,0
2025-10-10 12:29:00+00:00,59.76,59.7999,59.76,59.76,0
2025-10-10 12:30:00+00:00,59.8,59.8,59.8,59.8,0
2025-10-10 12:31:00+00:00,59.76,59.8,59.75,59.8,0
2025-10-10 12:33:00+00:00,59.79,59.8,59.75,59.8,0
2025-10-10 12:34:00+00:00,59.82,59.84,59.8,59.84,0
2025-10-10 12:35:00+00:00,59.83,59.83,59.83,59.83,0
2025-10-10 12:36:00+00:00,59.84,59.84,59.84,59.84,0
2025-10-10 12:37:00+00:00,59.83,59.89,59.82,59.89,0
2025-10-10 12:38:00+00:00,59.8454,59.8795,59.81,59.81,0
2025-10-10 12:39:00+00:00,59.82,59.86,59.81,59.81,0
2025-10-10 12:40:00+00:00,59.86,59.86,59.81,59.81,0
2025-10-10 12:41:00+00:00,59.81,59.82,59.81,59.82,0
2025-10-10 12:42:00+00:00,59.82,59.89,59.82,59.84,0
2025-10-10 12:43:00+00:00,59.8111,59.89,59.76,59.76,0
2025-10-10 12:44:00+00:00,59.75,59.75,59.75,59.75,0
2025-10-10 12:45:00+00:00,59.85,59.85,59.7503,59.765,0
2025-10-10 12:46:00+00:00,59.76,59.8796,59.61,59.61,0
2025-10-10 12:47:00+00:00,59.61,59.73,59.61,59.61,0
2025-10-10 12:49:00+00:00,59.63,59.63,59.63,59.63,0
2025-10-10 12:50:00+00:00,59.62,59.67,59.62,59.67,0
2025-10-10 12:51:00+00:00,59.73,59.89,59.67,59.67,0
2025-10-10 12:52:00+00:00,59.67,59.7,59.67,59.7,0
2025-10-10 12:53:00+00:00,59.72,59.8768,59.715,59.73,0
2025-10-10 12:54:00+00:00,59.73,59.75,59.73,59.75,0
2025-10-10 12:55:00+00:00,59.87,59.87,59.87,59.87,0
2025-10-10 12:56:00+00:00,59.79,59.8,59.74,59.74,0
2025-10-10 12:57:00+00:00,59.6535,59.85,59.65,59.78,0
2025-10-10 12:59:00+00:00,59.72,59.72,59.72,59.72,0
2025-10-10 13:00:00+00:00,59.78,59.78,59.76,59.76,0
2025-10-10 13:01:00+00:00,59.76,59.76,59.76,59.76,0
2025-10-10 13:02:00+00:00,59.77,59.8374,59.77,59.78,0
2025-10-10 13:03:00+00:00,59.76,59.86,59.76,59.86,0
2025-10-10 13:04:00+00:00,59.8,59.8,59.76,59.8,0
2025-10-10 13:05:00+00:00,59.868,59.8694,59.76,59.76,0
2025-10-10 13:06:00+00:00,59.77,59.79,59.7,59.79,0
2025-10-10 13:07:00+00:00,59.85,59.85,59.8493,59.8493,0
2025-10-10 13:08:00+00:00,59.85,59.85,59.74,59.82,0
2025-10-10 13:09:00+00:00,59.74,59.85,59.74,59.79,0
2025-10-10 13:10:00+00:00,59.78,59.78,59.7609,59.7609,0
2025-10-10 13:11:00+00:00,59.79,59.79,59.79,59.79,0
2025-10-10 13:12:00+00:00,59.79,59.85,59.78,59.79,0
2025-10-10 13:14:00+00:00,59.79,59.7901,59.78,59.78,0
2025-10-10 13:30:00+00:00,59.93000030517578,60.25,59.72999954223633,60.060001373291016,370304
2025-10-10 13:31:00+00:00,60.04499816894531,60.27360153198242,59.97999954223633,60.03499984741211,64948
2025-10-10 13:32:00+00:00,60.03499984741211,60.11000061035156,59.84000015258789,59.869998931884766,72948
2025-10-10 13:33:00+00:00,59.849998474121094,60.099998474121094,59.690101623535156,60.064998626708984,45788
2025-10-10 13:34:00+00:00,60.099998474121094,60.16999816894531,59.75,59.93000030517578,47664
2025-10-10 13:35:00+00:00,59.939998626708984,60.150001525878906,59.91490173339844,60.11000061035156,41002
2025-10-10 13:36:00+00:00,60.099998474121094,60.2599983215332,60.0,60.02000045776367,119850
2025-10-10 13:37:00+00:00,60.02000045776367,60.040000915527344,59.90999984741211,59.970001220703125,41912
2025-10-10 13:38:00+00:00,59.96500015258789,60.06999969482422,59.90999984741211,60.04499816894531,68606
2025-10-10 13:39:00+00:00,60.04499816894531,60.130001068115234,60.0,60.084999084472656,35750
2025-10-10 13:40:00+00:00,60.084999084472656,60.44499969482422,60.084999084472656,60.39500045776367,79791
2025-10-10 13:41:00+00:00,60.39500045776367,60.56999969482422,60.34000015258789,60.37860107421875,104318
2025-10-10 13:42:00+00:00,60.3650016784668,60.45000076293945,60.310001373291016,60.400001525878906,31532
2025-10-10 13:43:00+00:00,60.38999938964844,60.55500030517578,60.349998474121094,60.52000045776367,80695
2025-10-10 13:44:00+00:00,60.52000045776367,60.63999938964844,60.45869827270508,60.63999938964844,88150
2025-10-10 13:45:00+00:00,60.6150016784668,60.70500183105469,60.52000045776367,60.689998626708984,69003
2025-10-10 13:46:00+00:00,60.689998626708984,60.834999084472656,60.619998931884766,60.810001373291016,121677
2025-10-10 13:47:00+00:00,60.814998626708984,60.869998931884766,60.71500015258789,60.73500061035156,81286
2025-10-10 13:48:00+00:00,60.724998474121094,60.900001525878906,60.689998626708984,60.84299850463867,62003
2025-10-10 13:49:00+00:00,60.83000183105469,60.875,60.769798278808594,60.834999084472656,61774
2025-10-10 13:50:00+00:00,60.810001373291016,60.834999084472656,60.68130111694336,60.780601501464844,52689
2025-10-10 13:51:00+00:00,60.78499984741211,60.900001525878906,60.70000076293945,60.79999923706055,120412
2025-10-10 13:52:00+00:00,60.814998626708984,60.970001220703125,60.7400016784668,60.869998931884766,54063
2025-10-10 13:53:00+00:00,60.84700012207031,60.84700012207031,60.54999923706055,60.60499954223633,38107
2025-10-10 13:54:00+00:00,60.59000015258789,60.59000015258789,60.41999816894531,60.439998626708984,29405
2025-10-10 13:55:00+00:00,60.42499923706055,60.52000045776367,60.41999816894531,60.5,46513
2025-10-10 13:56:00+00:00,60.470001220703125,60.5099983215332,60.35100173950195,60.35100173950195,70779
2025-10-10 13:57:00+00:00,60.38050079345703,60.73500061035156,60.356998443603516,60.73500061035156,85433
2025-10-10 13:58:00+00:00,60.71009826660156,60.86000061035156,60.62810134887695,60.64500045776367,50447
2025-10-10 13:59:00+00:00,60.66550064086914,60.689998626708984,60.582298278808594,60.658199310302734,34066
2025-10-10 14:00:00+00:00,60.66999816894531,60.689998626708984,60.29999923706055,60.36000061035156,118911
2025-10-10 14:01:00+00:00,60.36000061035156,60.36000061035156,60.0099983215332,60.0099983215332,54950
2025-10-10 14:02:00+00:00,60.0099983215332,60.2599983215332,60.0,60.19499969482422,49153
2025-10-10 14:03:00+00:00,60.20500183105469,60.290000915527344,60.20500183105469,60.22999954223633,23038
2025-10-10 14:04:00+00:00,60.25,60.25,60.130001068115234,60.20000076293945,27894
2025-10-10 14:05:00+00:00,60.20500183105469,60.439998626708984,60.15999984741211,60.439998626708984,39813
2025-10-10 14:06:00+00:00,60.47999954223633,60.5,60.34000015258789,60.38999938964844,43086
2025-10-10 14:07:00+00:00,60.40999984741211,60.5099983215332,60.400001525878906,60.400001525878906,27449
2025-10-10 14:08:00+00:00,60.400001525878906,60.41999816894531,60.314998626708984,60.32500076293945,40207
2025-10-10 14:09:00+00:00,60.31999969482422,60.45000076293945,60.31999969482422,60.38890075683594,28145
2025-10-10 14:10:00+00:00,60.382598876953125,60.38999938964844,60.31999969482422,60.38999938964844,19227
2025-10-10 14:11:00+00:00,60.380001068115234,60.429901123046875,60.189998626708984,60.189998626708984,23071
2025-10-10 14:12:00+00:00,60.189998626708984,60.189998626708984,60.082698822021484,60.125,22305
2025-10-10 14:13:00+00:00,60.119998931884766,60.119998931884766,59.9900016784668,60.0,30586
2025-10-10 14:14:00+00:00,59.996498107910156,60.09000015258789,59.9900016784668,60.07500076293945,45858
2025-10-10 14:15:00+00:00,60.07500076293945,60.119998931884766,59.970001220703125,60.09000015258789,41721
2025-10-10 14:16:00+00:00,60.060001373291016,60.06999969482422,59.939998626708984,59.98099899291992,33263
2025-10-10 14:17:00+00:00,60.0,60.06999969482422,59.970001220703125,60.04499816894531,86121
2025-10-10 14:18:00+00:00,60.04499816894531,60.119998931884766,60.03499984741211,60.099998474121094,30729
2025-10-10 14:19:00+00:00,60.09859848022461,60.143001556396484,60.08319854736328,60.12879943847656,21164
2025-10-10 14:20:00+00:00,60.119998931884766,60.22999954223633,60.11280059814453,60.224998474121094,25895
2025-10-10 14:21:00+00:00,60.224998474121094,60.2400016784668,60.150001525878906,60.209999084472656,17587
2025-10-10 14:22:00+00:00,60.209999084472656,60.209999084472656,60.100101470947266,60.119998931884766,9477
2025-10-10 14:23:00+00:00,60.1150016784668,60.15999984741211,60.01530075073242,60.01530075073242,18203
2025-10-10 14:24:00+00:00,60.0,60.09000015258789,60.0,60.07500076293945,12117
2025-10-10 14:25:00+00:00,60.089900970458984,60.15999984741211,60.07500076293945,60.130001068115234,11128
2025-10-10 14:26:00+00:00,60.11000061035156,60.11000061035156,59.9900016784668,60.00299835205078,15615
2025-10-10 14:27:00+00:00,60.0,60.02000045776367,59.970001220703125,60.000999450683594,47391
2025-10-10 14:28:00+00:00,60.0,60.089500427246094,59.980098724365234,60.040000915527344,17808
2025-10-10 14:29:00+00:00,60.040000915527344,60.06999969482422,60.029998779296875,60.06999969482422,6895
2025-10-10 14:30:00+00:00,60.066200256347656,60.066200256347656,59.9900016784668,60.02000045776367,57844
2025-10-10 14:31:00+00:00,60.0099983215332,60.01470184326172,59.970001220703125,59.970001220703125,52275
2025-10-10 14:32:00+00:00,59.97999954223633,60.03300094604492,59.959999084472656,60.03300094604492,51666
2025-10-10 14:33:00+00:00,60.029998779296875,60.09000015258789,60.02000045776367,60.09000015258789,12200
2025-10-10 14:34:00+00:00,60.099998474121094,60.209999084472656,60.099998474121094,60.16630172729492,19601
2025-10-10 14:35:00+00:00,60.16999816894531,60.19499969482422,60.099998474121094,60.099998474121094,28276
2025-10-10 14:36:00+00:00,60.11000061035156,60.11000061035156,60.06999969482422,60.08000183105469,10558
2025-10-10 14:37:00+00:00,60.07500076293945,60.099998474121094,59.9900016784668,60.00899887084961,53843
2025-10-10 14:38:00+00:00,59.997501373291016,60.04999923706055,59.97999954223633,60.029998779296875,34361
2025-10-10 14:39:00+00:00,60.029998779296875,60.04999923706055,59.98500061035156,60.0,53940
2025-10-10 14:40:00+00:00,59.97999954223633,59.97999954223633,59.849998474121094,59.904998779296875,36855
2025-10-10 14:41:00+00:00,59.904998779296875,59.904998779296875,59.7599983215332,59.779998779296875,42510
2025-10-10 14:42:00+00:00,59.779998779296875,59.88999938964844,59.72999954223633,59.8650016784668,30281
2025-10-10 14:43:00+00:00,59.86000061035156,59.95000076293945,59.85499954223633,59.900001525878906,19082
2025-10-10 14:44:00+00:00,59.900001525878906,60.04499816894531,59.88999938964844,60.01499938964844,38134
2025-10-10 14:45:00+00:00,60.0,60.08000183105469,59.9900016784668,60.06999969482422,14607
2025-10-10 14:46:00+00:00,60.060001373291016,60.060001373291016,60.02399826049805,60.03779983520508,23919
2025-10-10 14:47:00+00:00,60.02000045776367,60.099998474121094,60.0099983215332,60.02000045776367,20686
2025-10-10 14:48:00+00:00,60.029998779296875,60.029998779296875,59.9900016784668,60.01499938964844,10322
2025-10-10 14:49:00+00:00,60.02000045776367,60.060001373291016,60.00899887084961,60.040000915527344,12124
2025-10-10 14:50:00+00:00,60.040000915527344,60.099998474121094,59.9900016784668,60.095001220703125,17177
2025-10-10 14:51:00+00:00,60.095001220703125,60.150001525878906,60.06999969482422,60.09000015258789,42464
2025-10-10 14:52:00+00:00,60.09000015258789,60.119998931884766,60.07270050048828,60.07270050048828,8452
2025-10-10 14:53:00+00:00,60.04999923706055,60.05509948730469,60.029998779296875,60.040000915527344,7128
2025-10-10 14:54:00+00:00,60.04499816894531,60.119998931884766,60.04499816894531,60.08000183105469,17464
2025-10-10 14:55:00+00:00,60.064998626708984,60.08000183105469,60.04999923706055,60.08000183105469,12991
2025-10-10 14:56:00+00:00,60.08000183105469,60.119998931884766,60.05099868774414,60.119998931884766,10370
2025-10-10 14:57:00+00:00,60.119998931884766,60.13399887084961,59.88999938964844,59.88999938964844,38631
2025-10-10 14:58:00+00:00,59.900001525878906,59.959999084472656,59.66999816894531,59.93000030517578,196457
2025-10-10 14:59:00+00:00,59.869998931884766,59.869998931884766,59.5,59.724998474121094,115627
2025-10-10 15:00:00+00:00,59.724998474121094,59.7599983215332,59.380001068115234,59.6343994140625,69366
2025-10-10 15:01:00+00:00,59.56999969482422,59.599998474121094,59.369998931884766,59.45989990234375,45304
2025-10-10 15:02:00+00:00,59.38999938964844,59.400001525878906,59.20000076293945,59.220001220703125,51119
2025-10-10 15:03:00+00:00,59.279998779296875,59.619998931884766,59.2599983215332,59.45000076293945,105188
2025-10-10 15:04:00+00:00,59.472801208496094,59.472801208496094,59.2400016784668,59.439998626708984,49299
2025-10-10 15:05:00+00:00,59.41109848022461,59.54999923706055,59.38010025024414,59.50920104980469,57537
2025-10-10 15:06:00+00:00,59.5,59.58000183105469,59.44499969482422,59.494998931884766,26917
2025-10-10 15:07:00+00:00,59.493900299072266,59.5099983215332,59.380001068115234,59.459999084472656,26435
2025-10-10 15:08:00+00:00,59.459999084472656,59.4900016784668,59.25,59.255001068115234,68990
2025-10-10 15:09:00+00:00,59.27000045776367,59.435001373291016,59.25,59.31999969482422,34876
2025-10-10 15:10:00+00:00,59.314998626708984,59.637699127197266,59.314998626708984,59.61000061035156,65246
2025-10-10 15:11:00+00:00,59.63999938964844,59.7598991394043,59.61000061035156,59.61000061035156,41040
2025-10-10 15:12:00+00:00,59.64500045776367,59.709999084472656,59.53499984741211,59.709999084472656,33324
2025-10-10 15:13:00+00:00,59.689998626708984,59.76940155029297,59.619998931884766,59.72999954223633,21334
2025-10-10 15:14:00+00:00,59.720001220703125,59.72999954223633,59.61000061035156,59.65999984741211,38095
2025-10-10 15:15:00+00:00,59.63999938964844,59.75,59.61000061035156,59.689998626708984,33366
2025-10-10 15:16:00+00:00,59.70500183105469,59.70500183105469,59.619998931884766,59.63610076904297,18069
2025-10-10 15:17:00+00:00,59.689998626708984,59.779998779296875,59.654998779296875,59.7599983215332,42423
2025-10-10 15:18:00+00:00,59.76499938964844,59.77000045776367,59.560001373291016,59.560001373291016,20517
2025-10-10 15:19:00+00:00,59.560001373291016,59.560001373291016,59.349998474121094,59.54999923706055,50488
2025-10-10 15:20:00+00:00,59.529998779296875,59.599998474121094,59.39250183105469,59.39250183105469,45353
2025-10-10 15:21:00+00:00,59.39500045776367,59.39500045776367,59.189998626708984,59.220001220703125,53447
2025-10-10 15:22:00+00:00,59.21500015258789,59.28990173339844,59.189998626708984,59.22999954223633,58325
2025-10-10 15:23:00+00:00,59.25,59.2599983215332,58.935001373291016,58.935001373291016,96300
2025-10-10 15:24:00+00:00,58.93000030517578,58.95000076293945,58.79999923706055,58.806800842285156,78645
2025-10-10 15:25:00+00:00,58.83000183105469,58.900001525878906,58.709999084472656,58.709999084472656,58937
2025-10-10 15:26:00+00:00,58.724998474121094,58.900001525878906,58.689998626708984,58.69200134277344,39951
2025-10-10 15:27:00+00:00,58.709999084472656,58.869998931884766,58.66999816894531,58.81999969482422,88446
2025-10-10 15:28:00+00:00,58.83000183105469,58.869998931884766,58.65999984741211,58.65999984741211,26657
2025-10-10 15:29:00+00:00,58.65999984741211,58.65999984741211,58.529998779296875,58.529998779296875,79405
2025-10-10 15:30:00+00:00,58.57500076293945,58.61000061035156,58.380001068115234,58.4900016784668,86297
2025-10-10 15:31:00+00:00,58.502498626708984,58.560001373291016,58.29999923706055,58.36000061035156,95309
2025-10-10 15:32:00+00:00,58.375,58.375,58.15399932861328,58.15999984741211,44884
2025-10-10 15:33:00+00:00,58.18000030517578,58.36000061035156,58.154998779296875,58.20000076293945,25093
2025-10-10 15:34:00+00:00,58.20000076293945,58.2400016784668,58.04999923706055,58.2400016784668,29758
2025-10-10 15:35:00+00:00,58.209999084472656,58.38999938964844,58.209999084472656,58.29999923706055,30604
2025-10-10 15:36:00+00:00,58.34000015258789,58.61000061035156,58.22999954223633,58.57500076293945,78935
2025-10-10 15:37:00+00:00,58.564998626708984,58.58000183105469,58.459999084472656,58.54999923706055,41960
2025-10-10 15:38:00+00:00,58.54999923706055,58.59000015258789,58.40999984741211,58.459999084472656,23120
2025-10-10 15:39:00+00:00,58.45000076293945,58.525001525878906,58.41999816894531,58.43000030517578,12621
2025-10-10 15:40:00+00:00,58.40999984741211,58.470001220703125,58.31010055541992,58.334999084472656,27206
2025-10-10 15:41:00+00:00,58.369998931884766,58.4900016784668,58.29499816894531,58.39500045776367,18034
2025-10-10 15:42:00+00:00,58.400001525878906,58.56999969482422,58.36000061035156,58.5099983215332,51416
2025-10-10 15:43:00+00:00,58.5099983215332,58.58000183105469,58.41999816894531,58.46500015258789,66027
2025-10-10 15:44:00+00:00,58.474998474121094,58.68000030517578,58.474998474121094,58.650001525878906,62961
2025-10-10 15:45:00+00:00,58.6349983215332,58.70000076293945,58.560001373291016,58.59000015258789,43507
2025-10-10 15:46:00+00:00,58.57500076293945,58.72999954223633,58.5,58.54999923706055,111949
2025-10-10 15:47:00+00:00,58.54999923706055,58.56990051269531,58.47999954223633,58.49679946899414,56727
2025-10-10 15:48:00+00:00,58.5,58.65999984741211,58.45000076293945,58.65999984741211,48356
2025-10-10 15:49:00+00:00,58.68000030517578,58.68000030517578,58.5099983215332,58.61439895629883,20234
2025-10-10 15:50:00+00:00,58.63740158081055,58.63740158081055,58.540000915527344,58.55500030517578,7258
2025-10-10 15:51:00+00:00,58.55500030517578,58.599998474121094,58.494998931884766,58.525001525878906,25458
2025-10-10 15:52:00+00:00,58.542598724365234,58.542598724365234,58.41999816894531,58.5099983215332,64726
2025-10-10 15:53:00+00:00,58.48059844970703,58.51499938964844,58.29999923706055,58.29999923706055,24121
2025-10-10 15:54:00+00:00,58.279998779296875,58.33000183105469,58.17449951171875,58.189998626708984,19869
2025-10-10 15:55:00+00:00,58.189998626708984,58.189998626708984,58.010101318359375,58.06999969482422,33290
2025-10-10 15:56:00+00:00,58.05500030517578,58.08250045776367,57.900001525878906,57.939998626708984,34612
2025-10-10 15:57:00+00:00,57.970001220703125,58.0,57.83000183105469,57.915000915527344,26899
2025-10-10 15:58:00+00:00,57.88999938964844,58.03499984741211,57.86000061035156,58.025001525878906,12663
2025-10-10 15:59:00+00:00,58.025001525878906,58.025001525878906,57.88999938964844,57.935001373291016,20490
